"Region 2019","Degree of urbanisation, %","Population","Population change from the previous year, %","Share of persons aged under 15 of the population, %","Share of persons aged 15 to 64 of the population, %","Share of persons aged over 64 of the population, %","Share of Swedish-speakers of the population, %","Share of foreign citizens of the population, %","Excess of births, persons","Intermunicipal migration gain/loss, persons","Number of families","Number of household-dwelling units","Share of household-dwelling units living in terraced houses and detached houses, %","Share of household-dwelling units living in rental dwellings, %","Share of persons aged 15 or over with at least upper secondary qualifications, %","Share of persons aged 15 or over with tertiary level qualifications, %","Employed labour force resident in the area","Employment rate, %","Share of persons working in their municipality of residence, %","Proportion of the unemployed among the labour force, %","Proportion of pensioners of the population, %","Economic dependency ratio","Number of workplaces in the area","Share of workplaces in primary production, %","Share of workplaces in secondary production, %","Share of workplaces in services, %","Workplace self-sufficiency","Annual contribution margin, EUR per capita","Loan stock, EUR per capita","Group loan stock, EUR per capita","Educational and cultural activities, total, operating net costs, EUR per capita","Social and health care activities, total, operating net costs, EUR per capita"
"WHOLE COUNTRY",86.1,5517919,0.1,16.0,62.2,21.8,5.2,4.7,-6950,0,1468681,2705499,39.0,33.3,73.3,31.8,2327730,70.5,65.4,11.3,25.7,136.8,2327730,2.9,21.1,74.8,100.0,376.1,3039.4,6537.1,1996.0,3318.5
"Akaa",87.5,16611,-0.9,17.7,59.4,22.9,0.2,1.7,-87,-96,4577,7805,72.6,21.3,70.6,25.1,6852,71.9,46.5,9.9,26.9,144.7,4652,3.4,36.8,58.3,67.9,134.1,3256.7,4282.6,1676.3,3309.1
"Alajärvi",61.4,9700,-1.3,17.4,55.4,27.2,0.1,2.1,-49,-104,2646,4115,91.7,16.0,66.0,21.5,3508,67.7,76.3,11.8,32.5,180.2,3484,11.0,27.9,59.3,99.3,274.3,2435.7,4713.5,2271.6,3835.7
"Alavieska",53.0,2573,-1.4,19.4,57.0,23.7,0.2,0.6,-4,-33,658,1109,97.7,19.8,68.0,17.3,1004,71.5,47.3,8.7,28.7,160.0,750,24.7,20.0,53.1,74.7,433.7,3422.9,3590.0,1986.0,3959.2
"Alavus",60.0,11544,-1.4,17.0,56.1,26.9,0.1,1.1,-65,-104,3120,5274,87.2,21.4,66.5,19.4,4354,69.5,77.4,10.1,32.1,169.0,4314,9.1,22.9,66.7,99.1,251.2,3328.0,6158.4,1883.1,4001.3
"Asikkala",64.7,8149,-1.2,14.2,53.6,32.2,0.2,1.7,-70,-35,2298,4032,77.1,18.5,69.0,26.5,2988,69.1,48.2,12.1,36.5,176.0,2254,9.4,29.4,58.7,75.4,362.6,1284.8,2835.7,1626.7,3560.4
"Askola",53.8,4958,-0.6,20.1,60.9,19.1,3.4,1.7,0,-39,1396,2077,96.8,11.8,69.0,21.7,2217,77.9,32.8,7.8,22.5,125.1,1331,8.8,37.7,51.2,60.0,-39.9,4277.7,5681.3,2038.5,3107.7
"Aura",69.7,3984,-0.2,19.8,61.6,18.6,0.7,2.4,2,-14,1125,1774,94.8,14.1,69.3,23.4,1823,78.0,29.6,6.6,21.9,118.9,1131,5.8,35.5,56.1,62.0,205.6,2877.0,3577.1,1808.5,2947.0
"Brändö",0.0,449,-0.7,9.1,57.2,33.6,73.3,8.5,-6,1,116,227,95.6,20.3,64.7,30.9,205,80.8,60.5,3.8,35.6,120.5,139,25.9,12.9,54.0,67.8,726.1,463.3,0.0,2632.5,2029.0
"Eckerö",42.8,961,1.4,14.4,60.2,25.4,88.7,12.9,-2,-3,277,456,91.4,14.5,65.4,20.2,469,82.0,42.4,3.9,26.4,102.1,294,15.6,13.9,61.6,62.7,516.1,616.0,0.0,2149.8,2743.0
"Enonkoski",39.9,1405,-0.8,11.9,50.2,37.9,0.1,1.8,-16,-2,399,697,95.8,19.5,63.9,17.9,466,65.6,53.6,15.7,42.1,203.9,373,20.6,5.1,70.2,80.0,241.3,0.0,770.1,1622.1,4710.3
"Enontekiö",29.8,1852,-2.2,12.6,59.9,27.5,0.9,2.0,-14,-27,497,842,95.8,20.8,71.7,21.3,725,64.0,77.1,19.2,32.3,161.1,646,10.5,11.6,73.2,89.1,288.9,2134.4,5075.1,2716.0,4739.7
"Espoo",99.5,283632,1.6,19.3,66.1,14.7,7.1,10.9,1561,1427,76068,125871,40.0,38.0,77.0,47.2,131153,74.2,48.7,8.5,16.7,112.8,120676,0.1,15.8,82.8,92.0,689.4,2814.4,12349.2,2443.9,2603.3
"Eura",72.3,11748,-1.4,16.1,56.5,27.5,0.2,2.7,-78,-114,3280,5612,87.0,17.0,65.2,21.8,4905,75.7,60.8,7.6,31.5,142.8,4887,7.2,45.8,45.8,99.6,-35.2,2645.7,4619.2,1879.3,3542.9
"Eurajoki",63.4,9454,-0.7,17.7,57.1,25.2,0.3,3.2,9,-7,2760,4118,93.1,10.9,69.1,26.4,4033,76.3,44.6,7.8,28.3,136.1,3696,4.1,45.2,49.5,91.6,534.4,1443.0,1704.1,2200.9,3395.6
"Evijärvi",35.5,2473,-1.0,16.1,56.4,27.5,1.9,2.8,-12,-16,692,1102,95.4,16.5,63.9,17.2,1023,74.9,62.4,7.3,32.3,144.3,916,24.5,22.8,51.1,89.5,-184.4,2224.0,3319.9,2079.7,4159.3
"Finström",41.5,2588,0.3,17.9,60.2,21.9,89.8,10.1,1,-7,750,1147,90.1,15.6,63.7,20.5,1281,83.2,29.7,3.3,22.8,101.4,858,10.1,30.0,56.1,67.0,121.7,2519.7,4804.5,2623.6,1664.2
"Forssa",91.1,17028,-0.9,12.5,57.5,30.0,0.2,3.8,-111,-54,4467,9254,45.3,31.3,67.2,22.6,6457,66.9,73.6,12.4,34.6,166.1,8304,1.8,35.8,61.5,128.6,326.1,2639.3,4002.9,1729.6,3739.9
"Föglö",0.0,534,0.4,12.5,56.9,30.5,83.5,19.5,-8,-1,132,256,91.8,19.5,56.5,17.1,250,85.0,65.2,1.6,30.3,112.8,223,6.7,7.6,82.1,89.2,118.0,1161.0,0.0,2544.9,2702.2
"Geta",0.0,514,3.8,15.8,61.3,23.0,87.2,14.4,1,10,136,228,96.9,14.5,60.3,17.6,236,79.4,40.3,6.0,24.8,109.7,139,18.0,13.7,56.1,58.9,-410.5,1663.4,0.0,2416.3,3239.3
"Haapajärvi",70.0,7147,-1.4,18.9,57.6,23.5,0.1,1.2,-10,-112,1834,3211,83.5,23.3,66.0,20.3,2717,68.4,77.0,9.8,29.2,166.9,2858,9.1,27.2,62.3,105.2,4.6,4770.0,5898.1,2164.0,4124.4
"Haapavesi",59.9,6854,-1.7,20.7,57.0,22.3,0.0,1.2,-31,-89,1746,2943,91.0,20.3,69.4,17.3,2540,68.3,76.5,11.9,27.7,174.4,2631,12.5,34.5,51.8,103.6,44.4,4121.1,5428.7,2380.5,3843.9
"Hailuoto",54.8,974,0.7,13.7,48.8,37.6,0.0,1.0,-3,10,267,482,97.1,11.8,75.7,31.4,340,72.2,54.7,9.8,43.3,184.4,246,22.4,9.3,66.7,72.4,69.8,2008.2,2798.8,1820.3,4537.0
"Halsua",41.9,1165,-0.5,13.0,53.3,33.6,0.8,3.5,-6,-10,325,522,98.3,19.7,58.9,16.9,452,75.7,71.2,7.9,36.1,159.1,421,28.0,21.1,48.9,93.1,-12.9,3773.4,12171.7,1949.4,4309.0
"Hamina",87.5,20286,-1.0,13.2,57.9,28.9,0.4,3.7,-166,-71,5659,10308,71.8,23.8,69.8,24.4,7641,67.2,56.4,14.2,34.2,168.2,6272,3.3,20.5,74.7,82.1,461.9,4134.3,7567.4,1663.5,3884.1
"Hammarland",41.8,1577,1.9,18.8,59.5,21.7,90.2,13.1,10,-3,473,702,93.9,19.4,64.8,19.6,757,83.4,26.8,4.2,22.9,104.4,323,16.1,17.6,57.9,42.7,152.8,2.5,0.0,2594.2,1841.5
"Hankasalmi",47.5,4939,-1.6,14.9,55.1,30.0,0.2,1.0,-57,-25,1323,2367,95.2,19.7,67.4,19.3,1749,65.9,59.6,12.7,36.1,187.0,1385,16.6,17.4,63.5,79.2,233.4,2412.6,4444.4,1892.7,4591.4
"Hanko",96.4,8379,-1.6,12.8,55.9,31.3,42.7,3.6,-64,-95,2325,4360,64.5,25.7,60.6,22.3,3254,71.1,81.6,11.0,35.4,161.7,3518,0.2,37.9,60.7,108.1,447.2,7202.5,8482.5,1789.8,3960.0
"Harjavalta",92.9,7018,-1.9,14.0,55.1,30.9,0.2,2.7,-47,-96,1885,3705,71.3,23.3,67.4,22.9,2582,68.0,58.0,12.9,35.5,177.0,3806,1.0,40.4,58.0,147.4,-27.2,2514.0,3533.3,1745.2,4407.4
"Hartola",54.5,2780,-3.5,9.6,52.9,37.5,0.0,2.7,-44,-56,732,1524,86.6,21.5,59.0,17.9,999,67.0,70.3,13.3,41.7,188.5,1149,15.3,27.8,55.6,115.0,41.4,4516.5,10175.9,1597.8,4775.2
"Hattula",75.1,9475,-1.4,17.9,59.9,22.2,0.3,1.2,-19,-112,2737,4214,85.2,14.9,74.9,31.0,4181,76.2,29.6,7.9,25.8,129.8,2724,4.8,18.8,74.5,65.2,140.2,3644.6,4756.0,1810.4,2800.1
"Hausjärvi",64.5,8417,-1.0,18.6,60.7,20.6,0.4,2.3,-37,-65,2402,3723,90.6,14.6,71.4,24.9,3707,74.7,30.1,7.5,24.9,129.4,2123,8.8,29.5,59.3,57.3,184.5,2578.9,2871.1,1845.4,3135.7
"Heinola",91.0,18889,-1.2,11.7,55.5,32.8,0.2,2.5,-182,-161,5094,10257,51.6,30.9,67.7,23.4,6881,66.1,70.7,14.6,37.7,178.0,6614,2.2,34.7,62.0,96.1,611.4,3504.8,4399.1,1468.7,3727.5
"Heinävesi",43.2,3329,-3.6,10.5,51.7,37.7,0.2,2.0,-72,-47,899,1768,83.9,19.6,61.7,19.9,1085,62.3,77.8,16.3,43.8,218.4,1079,13.4,20.1,63.9,99.4,544.3,5462.3,6389.3,1736.0,5345.4
"Helsinki",100.0,648042,0.7,14.3,68.7,17.0,5.6,9.6,1197,2459,159092,335061,13.2,49.3,76.5,43.7,309685,71.7,77.1,10.3,19.6,107.7,397346,0.1,10.2,88.7,128.3,1160.4,1697.6,7690.6,2009.9,2918.2
"Hirvensalmi",34.7,2152,-3.8,10.6,53.9,35.5,0.4,1.1,-35,-49,595,1141,95.0,17.1,63.5,19.3,739,61.8,55.5,15.9,40.9,202.6,587,19.3,26.7,50.4,79.4,806.2,139.4,3827.1,1530.7,4276.5
"Hollola",79.3,23602,-0.8,18.0,58.2,23.8,0.3,1.8,-76,-126,6756,10629,71.4,18.8,72.4,29.7,9784,74.2,31.4,10.4,27.2,143.1,6072,6.0,27.1,64.3,62.1,377.3,1912.8,2780.4,1883.5,3069.5
"Honkajoki",43.7,1666,-2.4,14.0,57.7,28.3,0.2,6.1,-12,-34,465,792,96.0,22.5,60.2,15.0,674,69.1,66.2,9.8,33.6,153.3,650,29.4,26.2,42.5,96.4,-495.8,1698.1,2899.8,1867.9,4151.3
"Huittinen",70.8,10091,-1.1,14.4,57.1,28.5,0.2,3.0,-94,-37,2738,5084,80.6,21.0,67.8,23.0,4097,72.2,66.7,8.5,32.9,149.1,4088,9.6,26.5,62.5,99.8,10.8,2520.1,3040.3,1831.4,3803.2
"Humppila",61.0,2235,-2.4,14.6,57.5,27.8,0.2,1.3,-18,-36,616,1115,79.9,14.9,65.8,18.8,908,70.9,43.4,9.9,31.8,152.2,619,14.5,25.2,58.2,68.2,-101.1,2919.5,3998.2,1638.5,3795.5
"Hyrynsalmi",55.5,2287,-1.7,9.0,52.3,38.7,0.1,0.8,-26,-21,645,1186,92.1,18.3,62.5,15.3,730,59.5,63.4,18.0,46.4,218.6,587,15.0,11.9,71.0,80.4,381.7,1622.2,4822.5,1698.7,5530.4
"Hyvinkää",93.6,46504,-0.5,15.8,62.5,21.7,0.9,3.9,-54,-222,12557,22950,46.7,32.8,72.4,30.9,20642,73.1,53.8,9.8,25.1,126.4,19690,0.5,27.3,71.2,95.4,363.6,2403.7,5582.1,1930.3,3356.4
"Hämeenkyrö",61.3,10510,-0.8,17.4,59.5,23.1,0.2,1.3,-44,-43,2915,4777,83.5,18.3,71.4,23.6,4311,72.2,42.7,9.8,27.8,145.9,2856,9.1,26.2,62.2,66.2,549.4,4897.3,6383.3,1942.3,3003.9
"Hämeenlinna",88.0,67532,-0.2,14.9,59.8,25.3,0.4,3.5,-266,87,18056,34609,54.4,32.0,73.6,31.8,27621,70.4,71.7,11.7,29.0,145.0,28038,2.6,21.2,75.0,101.5,203.0,3522.3,6404.7,1725.8,3534.7
"Ii",77.7,9862,-1.0,22.9,56.7,20.4,0.2,0.5,-1,-102,2631,4095,95.6,17.0,71.3,22.4,3597,68.1,45.5,15.0,25.3,177.1,2427,6.7,23.2,67.9,67.5,123.2,3882.1,5780.3,2408.6,3339.7
"Iisalmi",76.3,21472,-0.8,15.5,59.1,25.4,0.0,2.1,-84,-108,5856,10916,56.1,33.0,73.2,24.6,8539,68.3,78.7,13.3,30.3,153.4,9204,4.4,25.5,68.9,107.8,538.6,2869.7,5082.8,1921.1,3599.2
"Iitti",59.8,6765,-0.8,14.6,55.6,29.8,0.2,1.4,-39,-24,1843,3420,83.8,22.6,67.6,23.6,2619,70.4,50.1,12.1,34.5,160.4,2149,10.4,35.5,51.4,82.1,73.6,1415.7,2999.4,1586.8,3785.7
"Ikaalinen",59.3,7003,-1.6,14.3,54.9,30.8,0.2,1.4,-62,-62,1915,3489,77.9,21.8,69.5,24.8,2537,67.1,61.6,11.4,35.0,180.6,2324,9.9,17.6,70.1,91.6,105.0,4108.4,6533.1,1680.1,3895.0
"Ilmajoki",76.3,12187,-0.1,19.8,58.8,21.4,0.2,0.9,7,-26,3462,5255,92.9,17.0,73.4,26.0,5189,75.7,40.5,7.8,25.2,135.2,3246,12.2,21.3,64.6,62.6,184.5,3567.4,5690.2,2149.7,3139.2
"Ilomantsi",54.0,4973,-3.0,9.6,52.1,38.3,0.1,1.8,-94,-65,1366,2689,86.8,21.1,63.1,15.5,1566,59.6,77.1,20.7,45.7,227.5,1513,11.4,15.3,71.8,96.6,200.1,2184.6,3916.1,1949.5,5310.1
"Imatra",97.6,26932,-1.2,12.6,57.8,29.6,0.1,3.9,-210,-219,7323,14604,57.5,29.0,69.5,23.2,9850,64.3,72.7,16.8,34.7,176.8,10316,0.7,32.8,65.5,104.7,300.5,2343.2,8160.3,1640.4,3427.9
"Inari",65.9,6930,0.9,12.5,62.2,25.3,0.3,2.3,-38,72,1846,3240,88.2,30.3,71.5,23.8,2994,71.4,87.4,11.2,31.1,129.4,3010,6.3,7.9,83.9,100.5,519.0,1893.1,6018.5,2242.7,4286.4
"Ingå",41.5,5403,-1.4,16.3,59.2,24.6,52.5,3.1,2,-80,1582,2405,88.6,13.1,72.1,34.1,2410,78.4,34.8,7.3,27.2,127.4,1290,10.2,22.3,63.0,53.5,513.2,3086.4,3387.7,2115.3,3172.9
"Isojoki",40.0,1976,-2.8,11.5,56.4,32.1,1.0,3.4,-45,-9,528,990,94.5,18.3,59.3,14.6,794,73.7,69.9,7.8,37.6,155.9,698,22.6,25.4,49.7,87.9,51.1,537.4,1946.9,1674.1,5112.3
"Isokyrö",72.2,4601,-1.5,17.0,56.2,26.8,0.8,0.8,-32,-48,1261,2146,91.9,16.7,70.5,24.4,1829,72.7,43.7,8.8,31.1,155.5,1304,15.3,21.5,60.9,71.3,544.9,288.0,2069.1,1841.8,3360.8
"Janakkala",77.0,16447,-1.0,16.6,59.6,23.7,0.4,2.3,-52,-109,4632,7761,73.1,19.8,70.8,25.1,6919,73.6,41.4,9.4,27.6,140.0,5043,4.7,33.4,60.8,72.9,282.5,2785.4,4244.8,1745.4,3170.1
"Joensuu",89.4,76551,0.6,13.8,64.7,21.4,0.1,3.0,-122,449,19607,40685,51.2,41.8,78.0,31.7,29811,62.6,83.7,16.3,25.5,155.2,34571,1.7,21.3,76.1,116.0,372.0,3065.0,6623.6,1800.8,3166.4
"Jokioinen",60.9,5195,-1.7,15.6,58.8,25.6,0.5,1.6,-22,-77,1516,2434,87.7,16.7,69.7,25.2,2194,74.0,39.3,9.9,28.7,140.9,1701,7.0,26.6,64.7,77.5,292.6,2903.8,3610.2,1857.7,3112.4
"Jomala",64.5,5032,3.6,22.1,63.0,14.9,88.9,8.3,50,89,1464,2018,88.1,11.3,71.8,30.4,2591,87.2,33.1,2.8,16.1,87.5,2521,3.5,19.0,74.2,97.3,341.8,0.0,307.8,2743.2,1098.8
"Joroinen",57.4,4812,-2.1,14.2,56.7,29.2,0.4,2.2,-27,-82,1405,2353,89.5,19.6,71.2,23.2,1860,68.5,49.7,12.0,34.7,164.4,1436,26.6,21.2,50.6,77.2,-193.3,4288.2,6479.4,1764.5,3845.4
"Joutsa",59.2,4467,-2.2,10.8,51.3,37.9,0.2,1.6,-71,-29,1194,2398,85.2,21.3,63.0,18.7,1561,67.6,67.6,14.7,41.6,192.6,1413,13.9,21.9,62.4,90.5,272.7,2500.3,5179.5,1666.7,4514.2
"Juuka",46.2,4709,-2.2,10.6,54.1,35.3,0.1,1.1,-82,-30,1262,2513,90.0,20.3,62.9,16.6,1483,58.2,79.8,19.1,43.0,224.8,1440,10.9,28.5,58.8,97.1,464.2,834.1,2344.2,1647.1,5204.3
"Juupajoki",46.6,1884,-1.1,15.1,54.1,30.7,0.1,0.4,-10,-11,524,894,88.9,18.5,64.2,19.1,706,71.5,52.8,11.9,35.3,169.7,703,10.8,43.2,44.2,99.6,187.4,1685.8,3399.7,1690.6,3802.5
"Juva",51.3,6225,-1.7,12.1,53.8,34.1,0.3,1.8,-61,-55,1706,3211,79.7,20.7,66.0,19.4,2337,70.0,70.8,11.3,38.8,171.0,2101,19.3,21.1,57.4,89.9,274.4,3084.3,5125.0,1674.9,4163.7
"Jyväskylä",95.1,141305,0.8,15.7,66.4,18.0,0.2,3.3,81,838,36212,72876,37.5,43.8,79.6,36.5,59127,65.8,83.5,14.1,21.6,137.1,63342,0.7,17.6,80.6,107.1,347.1,2414.2,7781.8,1742.6,2923.9
"Jämijärvi",35.4,1809,-3.1,14.5,55.3,30.2,0.2,1.6,-26,-34,507,822,95.5,11.2,66.2,18.1,708,71.6,44.8,8.9,34.7,163.7,458,25.8,25.3,46.3,64.7,377.0,2670.5,3383.1,1610.8,3772.8
"Jämsä",74.0,20607,-1.3,13.3,56.5,30.2,0.2,1.4,-170,-154,5674,10581,71.9,23.2,70.0,23.0,7582,66.9,80.4,15.5,35.2,175.3,7695,4.2,36.4,58.5,101.5,258.1,2082.7,3377.7,1725.3,4152.7
"Järvenpää",99.9,43410,2.0,17.3,65.1,17.6,1.0,3.7,113,675,11887,21020,52.0,33.3,74.4,33.8,20081,75.3,33.4,9.1,21.2,112.0,12893,0.1,21.6,76.5,64.2,235.9,3125.2,7852.0,1938.5,3172.1
"Kaarina",95.4,33458,1.1,18.9,60.5,20.6,4.4,2.7,62,301,9708,14842,67.9,16.8,75.8,38.1,14712,76.9,27.5,8.0,23.7,125.0,9407,1.3,31.2,65.7,63.9,145.9,2069.3,3636.7,1950.3,2952.8
"Kaavi",46.0,2990,-1.9,12.1,54.2,33.7,0.1,1.8,-55,-4,815,1526,87.9,20.7,61.9,13.4,914,57.0,58.8,15.5,43.5,233.5,857,11.2,27.8,58.9,93.8,162.5,2669.6,5546.5,1617.7,5338.8
"Kajaani",88.1,36973,-0.7,15.9,61.5,22.6,0.1,2.3,-74,-303,9801,18676,53.2,33.0,76.6,29.9,14713,66.5,86.7,13.4,27.7,153.1,15452,1.9,15.7,81.6,105.0,42.2,3420.1,10379.4,2752.6,3873.1
"Kalajoki",76.0,12387,-1.0,18.4,56.8,24.8,0.5,2.2,-39,-125,3356,5281,92.7,15.2,70.0,21.7,4980,73.6,72.1,9.1,28.7,151.3,4588,14.7,31.8,51.7,92.1,494.0,3538.4,5524.9,1961.2,3051.3
"Kangasala",85.7,31676,0.8,19.6,60.5,19.9,0.2,1.4,35,201,9042,14064,66.8,19.5,76.6,34.7,13752,76.2,37.2,9.4,23.2,128.6,8801,3.5,27.6,66.8,64.0,252.7,1514.8,3200.6,1984.9,2825.5
"Kangasniemi",51.0,5452,-1.7,12.1,51.6,36.3,0.1,1.0,-85,-14,1490,2831,84.9,19.9,65.2,21.3,1875,67.0,73.9,11.9,42.0,195.9,1632,16.4,26.9,55.4,87.0,162.7,3916.0,5576.9,1536.1,4452.1
"Kankaanpää",73.1,11471,-1.0,14.8,59.0,26.2,0.1,2.7,-52,-106,3148,5715,75.1,29.0,69.4,22.7,4514,67.9,77.2,11.4,31.1,156.6,5036,4.2,24.8,69.7,111.6,122.0,3814.8,6366.8,1896.4,3610.0
"Kannonkoski",37.2,1353,-3.9,13.3,52.2,34.5,0.1,1.6,-18,-43,355,662,92.7,18.1,60.3,16.2,451,63.5,63.6,15.1,40.1,212.2,398,19.8,16.1,63.1,88.2,781.2,6005.9,8674.8,1877.3,4767.9
"Kannus",73.2,5502,-0.3,18.7,58.4,22.9,0.4,1.6,14,-34,1494,2456,88.5,20.1,68.7,20.4,2199,71.3,66.2,9.2,27.2,151.0,2085,14.1,27.2,57.4,94.8,27.4,2908.0,5206.1,1920.4,3525.4
"Karijoki",37.7,1274,-4.1,11.1,54.3,34.6,1.7,0.7,-23,-31,357,661,98.5,14.7,61.8,12.4,536,73.9,52.1,8.1,38.7,147.9,418,29.4,27.8,40.7,78.0,19.6,1365.8,2381.5,1572.2,4872.8
"Karkkila",85.6,8778,-1.4,16.1,58.5,25.4,0.8,5.2,-50,-78,2382,4208,69.4,24.0,63.9,20.4,3580,71.4,51.5,10.8,29.5,148.6,2781,2.2,38.6,57.8,77.7,234.9,6729.9,7174.8,2021.1,3510.4
"Karstula",51.1,4031,-2.8,13.3,53.7,33.0,0.0,0.9,-38,-78,1177,1939,93.1,18.7,65.1,19.3,1395,64.6,74.9,16.3,37.7,197.2,1414,14.5,25.6,58.4,101.4,448.5,3225.0,6008.9,1789.4,4097.7
"Karvia",33.4,2390,-0.5,12.5,54.6,32.9,0.1,2.8,-29,7,644,1166,95.5,19.6,62.2,13.3,864,67.5,68.9,13.1,38.0,178.1,753,25.2,31.1,42.2,87.2,-74.9,1307.9,4277.8,1781.6,4067.8
"Kaskinen",99.5,1262,-0.9,11.1,49.0,39.9,29.2,5.9,-14,8,373,658,70.1,19.3,67.6,25.8,439,68.9,55.1,9.9,42.9,190.2,459,3.5,37.5,57.7,104.6,183.0,3201.3,4313.8,1859.7,5168.0
"Kauhajoki",67.9,13375,-1.7,15.7,58.1,26.2,0.3,2.0,-56,-181,3716,6424,92.6,21.5,67.6,20.8,5258,68.8,76.9,10.6,31.5,158.8,5369,8.9,25.5,64.2,102.1,143.0,4702.0,6989.0,1886.5,4042.3
"Kauhava",66.4,16022,-1.6,16.3,55.9,27.8,0.7,2.3,-105,-235,4474,7397,91.2,18.7,67.5,22.9,6392,73.4,77.5,7.9,32.6,154.7,6724,11.3,33.3,53.9,105.2,34.6,3003.8,7588.6,1868.7,4060.3
"Kauniainen",100.0,9615,-0.1,17.9,60.3,21.8,33.3,5.4,-6,-37,2678,4029,48.6,30.0,82.0,58.4,4206,76.7,19.6,5.9,23.1,128.8,2348,0.3,2.5,94.0,55.8,1089.2,0.0,2025.0,3190.5,2914.6
"Kaustinen",66.3,4273,-0.8,19.1,58.3,22.6,2.0,1.8,1,-41,1235,1851,94.8,19.7,68.3,23.1,1925,79.4,60.4,6.4,25.1,123.8,1706,15.8,20.4,62.0,88.6,246.7,6748.2,11615.3,1990.6,3510.6
"Keitele",48.2,2244,-2.8,11.7,54.2,34.1,0.1,1.3,-35,-34,626,1123,92.7,19.9,64.8,17.5,820,67.0,81.7,10.1,41.1,181.6,1036,10.6,38.5,49.4,126.3,18.7,3628.8,8743.8,1526.7,4520.5
"Kemi",99.5,21021,-1.1,14.7,58.9,26.4,0.1,3.6,-125,-203,5427,11284,52.5,35.0,71.4,24.4,7309,59.5,75.1,17.2,33.4,190.8,8872,0.3,24.5,74.5,121.4,-188.1,4566.6,6438.6,1935.0,4316.1
"Kemijärvi",70.1,7370,-2.2,9.7,52.4,37.9,0.0,0.9,-122,-50,2026,3999,68.5,25.5,69.8,22.0,2449,62.8,78.4,16.3,44.3,207.6,2279,5.9,17.8,75.5,93.1,160.2,4436.6,8987.5,1935.3,5339.8
"Keminmaa",89.6,8147,-1.8,17.3,58.4,24.3,0.1,0.7,-11,-139,2365,3731,86.0,19.0,76.3,29.5,3309,71.1,36.6,12.2,28.6,150.7,2622,2.4,36.7,59.2,79.2,21.5,1997.5,3192.8,1843.7,3766.5
"Kimitoön",51.2,6724,-1.0,12.6,54.4,33.0,68.5,3.9,-64,-5,1898,3385,81.8,19.5,65.0,24.9,2536,70.6,74.4,9.3,37.7,167.9,2234,7.7,21.0,68.2,88.1,83.4,2974.6,4642.8,2205.7,4248.5
"Kempele",96.2,17923,2.2,24.2,60.5,15.3,0.2,0.8,115,262,4960,7207,81.1,20.2,78.4,36.0,7489,75.3,30.2,10.2,18.8,134.1,6089,0.8,32.4,65.6,81.3,369.2,3155.9,3966.5,2245.6,2581.5
"Kerava",99.8,36254,2.0,16.6,64.4,19.0,1.3,7.8,38,607,9785,17855,36.2,37.1,71.1,31.2,16260,74.1,30.5,9.5,22.4,118.7,11741,0.3,24.8,73.5,72.2,383.9,1286.9,4959.9,1843.9,2735.7
"Keuruu",70.5,9762,-1.6,13.9,53.5,32.6,0.1,1.5,-109,-66,2688,4954,66.8,24.2,69.7,23.1,3397,65.3,74.3,14.5,37.8,192.0,3271,5.5,28.7,64.1,96.3,515.1,5613.4,10472.5,2028.7,3831.5
"Kihniö",34.7,1910,-2.9,12.9,56.3,30.8,0.0,0.9,-34,-23,547,893,96.8,16.8,62.7,15.1,721,67.8,71.3,13.3,36.2,172.8,666,11.3,35.0,52.0,92.4,356.5,4611.0,5531.9,1440.3,4361.3
"Kinnula",50.5,1615,-2.5,17.2,51.9,31.0,0.1,0.9,-8,-36,426,703,96.9,17.9,59.1,16.5,498,59.2,69.9,19.4,37.9,232.5,434,19.8,10.1,68.0,87.1,-133.1,3653.3,5696.0,2108.4,4705.9
"Kirkkonummi",89.5,39262,0.2,20.1,63.7,16.1,16.6,5.9,133,-69,10958,16652,68.2,25.6,73.5,39.5,18086,76.7,31.9,8.2,18.6,116.6,10863,0.9,18.9,78.0,60.1,289.5,3143.1,4453.2,2118.5,2775.7
"Kitee",56.2,10358,-1.2,11.6,54.5,34.0,0.0,3.0,-100,-57,2910,5320,76.1,22.4,67.2,19.3,3436,61.4,79.2,17.5,39.7,205.2,3404,12.3,25.1,60.9,99.1,544.0,463.9,1947.9,1706.5,4124.7
"Kittilä",57.0,6436,0.2,15.1,63.6,21.3,0.3,2.7,-41,41,1595,2852,83.7,30.2,74.6,22.8,3048,77.1,85.6,8.9,25.4,110.7,3437,4.0,26.5,68.6,112.8,647.8,2700.4,6835.3,2655.7,4319.0
"Kiuruvesi",50.8,8153,-1.6,14.5,56.0,29.4,0.0,0.9,-47,-87,2182,4062,81.3,25.6,67.2,17.4,3012,66.8,72.1,13.4,35.7,175.0,2585,24.3,16.0,57.8,85.8,251.6,3709.3,6908.9,1897.5,4335.1
"Kivijärvi",52.8,1103,-2.6,12.7,49.3,38.0,0.0,1.4,-2,-29,294,541,90.2,15.9,58.3,11.9,350,63.0,55.4,12.1,44.3,223.4,231,17.3,12.1,68.4,66.0,35.4,3853.1,7793.3,1946.5,5096.1
"Kokemäki",59.5,7226,-2.1,13.4,56.7,29.9,0.2,2.4,-75,-87,2029,3649,86.6,16.5,66.8,21.2,2751,67.8,54.6,12.5,34.8,168.3,2308,8.1,26.4,64.0,83.9,247.2,3072.5,4741.5,1648.1,3821.3
"Kokkola",88.2,47657,-0.1,18.9,59.4,21.8,12.6,2.3,71,-227,13028,21472,67.2,28.5,72.7,27.9,19686,72.5,86.8,9.3,25.3,142.4,20525,3.3,22.3,73.4,104.3,238.7,4628.3,8573.6,1981.5,3496.1
"Kolari",48.9,3834,-0.5,14.9,58.8,26.3,0.8,1.8,-30,4,1001,1773,92.9,21.4,72.5,21.9,1600,71.1,77.1,12.2,30.6,140.9,1469,4.1,9.3,82.2,91.8,704.5,1593.9,2578.2,2142.4,4277.3
"Konnevesi",40.7,2698,-1.8,13.7,53.8,32.5,0.0,0.8,-24,-28,749,1323,91.4,21.5,65.7,19.0,988,68.6,56.5,13.6,37.9,178.1,767,18.5,9.5,70.3,77.6,-10.7,8007.4,10364.0,1773.5,4392.5
"Kontiolahti",71.3,14849,0.1,21.6,61.9,16.5,0.1,1.2,62,-51,4223,6222,93.7,16.2,78.4,32.0,6416,74.0,28.1,11.1,19.8,131.1,3300,4.0,32.4,62.0,51.4,6.1,2489.8,4643.3,2216.7,2547.4
"Korsnäs",67.2,2122,-1.5,14.7,57.4,27.9,85.8,8.9,-18,-25,612,927,95.0,15.0,67.8,24.1,946,77.8,55.6,7.9,29.4,127.7,731,18.9,17.0,61.3,77.3,236.1,406.2,1514.1,2154.6,3617.8
"Koski Tl",53.1,2340,-0.8,13.8,53.8,32.4,0.4,3.8,-11,-5,648,1179,88.9,15.6,64.3,19.8,919,75.5,59.4,7.5,36.0,156.7,924,18.4,26.6,53.6,100.5,-26.1,0.0,616.7,2034.2,3918.8
"Kotka",98.2,52883,-1.2,13.6,60.1,26.3,1.0,6.0,-393,-412,13812,28064,43.8,35.6,72.4,27.4,19507,62.7,81.2,17.6,31.2,174.5,21729,0.6,23.4,74.9,111.4,225.7,6090.8,10535.1,1868.2,4129.1
"Kouvola",86.0,83177,-1.2,13.6,59.1,27.3,0.4,2.6,-522,-577,22552,43372,62.0,27.5,71.3,25.5,32210,66.9,84.1,14.6,32.3,161.4,31329,3.3,22.0,73.4,97.3,-69.1,2797.5,4420.0,2090.2,3840.2
"Kristinestad",67.7,6596,-0.6,12.0,53.0,35.0,54.4,4.3,-50,-109,1917,3192,89.6,17.4,64.2,23.1,2604,75.0,74.0,6.6,38.8,154.9,2445,11.0,15.5,71.5,93.9,428.7,4201.9,5611.4,1493.5,3942.4
"Kronoby",55.2,6509,-0.3,17.5,57.6,24.9,77.7,3.0,-16,-22,1914,2643,94.3,12.0,66.6,24.6,2872,80.3,55.4,5.3,27.6,127.4,2443,13.4,40.6,44.9,85.1,218.0,3318.5,3881.7,1988.0,3601.0
"Kuhmo",63.7,8329,-2.0,11.4,53.7,34.8,0.1,1.2,-114,-61,2292,4373,78.6,23.0,68.6,18.1,2777,61.9,85.4,18.5,42.0,206.0,2711,12.8,18.3,67.7,97.6,-72.2,4380.6,6673.7,1757.2,4896.4
"Kuhmoinen",56.8,2238,-0.6,8.3,48.7,42.9,0.2,0.8,-30,12,585,1248,80.8,20.9,62.4,19.6,700,66.1,68.1,14.2,48.6,221.7,591,15.4,19.0,63.3,84.4,555.4,207.8,3202.4,1712.7,4654.2
"Kumlinge",0.0,315,0.3,9.8,54.9,35.2,87.9,7.9,-1,2,85,162,92.0,16.7,62.0,25.7,140,77.5,58.6,4.8,36.0,124.3,103,7.8,2.9,76.7,73.6,1657.1,1666.7,0.0,2730.2,2038.1
"Kuopio",86.2,118664,0.4,14.8,64.4,20.8,0.1,2.6,-92,378,31446,61112,42.2,39.6,78.0,33.4,49635,67.5,84.3,11.9,25.5,138.2,51833,2.7,14.5,81.6,104.4,266.2,2890.7,8053.5,1969.6,3491.5
"Kuortane",34.6,3572,-1.8,14.3,54.3,31.4,0.1,1.2,-24,-41,1007,1647,95.3,16.3,64.8,22.4,1406,74.2,63.1,6.9,35.3,158.7,1345,13.5,22.9,62.0,95.7,407.6,1924.4,4348.8,2167.4,3933.7
"Kurikka",62.1,20952,-1.2,15.3,55.8,28.9,0.3,1.5,-117,-138,5878,9905,89.6,18.2,68.6,20.0,8187,71.3,66.5,9.4,33.6,159.0,7248,12.4,28.9,57.2,88.5,390.0,3883.3,6436.3,1879.8,3928.3
"Kustavi",38.9,926,0.3,9.0,52.9,38.1,1.3,2.4,-17,19,261,483,92.8,18.6,66.5,25.3,337,68.7,52.2,12.9,43.3,173.9,276,17.0,21.4,58.3,81.9,724.6,1788.3,4332.6,1497.8,4744.1
"Kuusamo",64.5,15207,-1.2,15.1,58.4,26.5,0.2,1.5,-90,-107,4255,7220,75.1,24.0,72.3,21.5,5840,66.9,92.1,11.7,32.6,163.5,5939,6.1,16.8,75.7,101.7,203.0,2277.7,3948.0,2049.3,3993.0
"Kyyjärvi",58.0,1343,-0.7,15.7,52.2,32.1,0.1,1.6,3,-15,361,620,96.5,20.2,58.3,15.4,454,66.1,69.2,13.5,37.8,197.8,483,10.1,41.4,47.0,106.4,63.3,8333.6,12299.3,2072.2,4431.1
"Kärkölä",66.9,4451,-1.3,14.2,59.3,26.4,0.4,2.3,-17,-29,1267,2181,88.6,19.5,64.6,18.7,1817,70.8,50.0,12.4,30.6,148.1,1731,7.2,50.9,40.4,95.3,51.7,1863.0,2094.1,1658.1,3418.8
"Kärsämäki",46.4,2613,0.1,18.1,55.4,26.4,0.1,0.7,-4,3,667,1142,96.8,22.9,63.6,14.3,900,67.4,67.8,12.8,33.4,190.1,903,24.5,18.7,55.4,100.3,399.5,4779.9,7485.6,2334.9,3930.0
"Kökar",0.0,236,0.0,6.4,57.2,36.4,85.6,6.8,-3,2,61,122,93.4,20.5,65.2,26.7,111,82.8,67.6,3.5,33.9,112.6,100,4.0,18.0,74.0,90.1,1283.9,8656.8,0.0,2322.0,2639.8
"Lahti",97.5,119951,0.3,14.7,61.4,23.9,0.4,4.5,-201,297,31186,63876,32.6,40.4,71.8,28.6,47187,66.5,77.2,16.0,27.8,153.4,50573,0.5,25.2,73.1,107.2,380.7,6645.7,9682.3,1826.5,3264.3
"Laihia",82.4,8058,0.1,20.1,57.9,22.0,1.2,1.0,-9,3,2280,3526,88.0,17.0,71.9,29.6,3444,77.4,35.9,7.5,25.9,133.8,1857,8.7,22.5,66.8,53.9,52.2,3882.5,5073.3,1887.3,3297.7
"Laitila",69.9,8647,0.4,16.9,59.4,23.7,0.4,6.3,-28,9,2342,4082,73.9,22.7,66.4,20.0,3802,77.8,62.7,5.8,28.3,126.5,3823,8.7,41.9,48.3,100.6,193.6,2669.7,4083.2,1960.9,3413.1
"Lapinjärvi",29.2,2665,-1.5,14.9,56.0,29.1,30.7,4.8,-18,-22,746,1260,95.9,19.4,62.5,19.9,1078,73.1,50.0,10.8,33.4,151.0,893,22.3,21.6,53.9,82.8,-6.0,2723.5,6647.7,1808.6,3744.8
"Lapinlahti",52.4,9617,-0.8,15.6,57.6,26.8,0.1,1.2,-73,4,2614,4726,89.7,22.6,68.4,20.5,3653,67.9,61.9,12.5,33.2,165.3,3014,17.5,26.0,55.0,82.5,344.2,2957.6,5696.4,1777.2,4003.8
"Lappajärvi",53.4,3078,-2.0,13.8,52.9,33.3,0.4,4.4,-31,-71,864,1401,89.0,15.7,67.9,21.2,1093,67.6,68.3,10.0,38.7,187.3,1018,20.1,19.2,59.3,93.1,598.1,2501.6,4953.2,2211.5,3705.7
"Lappeenranta",90.1,72699,-0.3,14.2,62.5,23.3,0.2,4.5,-251,-236,19062,38079,46.0,36.4,74.1,30.6,29152,66.2,85.2,14.0,27.3,150.1,31544,1.7,21.3,76.0,108.2,261.3,2815.0,6601.6,1710.0,3403.8
"Lapua",77.7,14427,-0.5,18.7,57.8,23.5,0.1,2.1,-20,-73,4003,6337,82.8,20.5,71.2,28.1,5782,72.7,57.7,8.9,28.0,150.7,4645,8.0,30.8,59.5,80.3,282.7,3832.5,7020.5,1893.7,3344.7
"Laukaa",72.1,18927,-0.3,22.7,57.8,19.5,0.1,1.0,33,-76,5199,7838,87.7,18.8,74.0,27.8,7589,73.3,40.5,10.9,23.4,150.1,5639,4.2,26.6,67.3,74.3,95.0,4654.3,6769.4,2165.3,3083.0
"Lemi",53.7,3043,-0.7,17.7,57.1,25.2,0.1,1.1,-15,-8,874,1363,97.4,14.6,68.7,23.7,1208,71.9,28.1,11.8,29.3,153.6,550,12.7,20.5,63.5,45.5,-364.8,1799.5,3712.5,1778.2,3601.1
"Lemland",30.4,2033,0.2,20.1,62.0,17.9,91.7,8.4,18,-20,602,825,96.8,10.5,73.0,31.4,1049,85.2,20.7,2.8,18.9,93.3,361,4.7,18.6,66.8,34.4,143.6,908.0,0.0,3117.1,1153.5
"Lempäälä",89.1,23206,1.7,23.2,60.5,16.4,0.3,1.3,60,320,6450,9621,74.3,20.2,77.9,37.3,9957,76.2,32.1,8.3,19.0,129.3,7230,1.9,26.9,69.4,72.6,266.1,3236.8,5556.2,2166.2,2699.9
"Leppävirta",57.8,9650,-1.3,13.7,56.6,29.7,0.1,1.2,-56,-77,2738,4736,83.8,18.5,70.0,24.2,3705,68.8,55.0,10.9,35.2,164.0,2863,7.2,37.1,53.9,77.3,201.7,887.6,3760.6,1561.0,4146.9
"Lestijärvi",35.5,737,-6.6,13.7,54.5,31.8,0.1,1.9,-9,-43,197,333,97.6,19.2,62.1,19.5,272,65.7,68.4,11.1,35.9,190.1,288,41.3,13.5,42.7,105.9,-346.0,2407.1,5358.2,2256.4,4834.5
"Lieksa",70.2,11098,-1.8,10.4,53.8,35.8,0.1,2.6,-158,-119,2971,6201,71.1,24.6,65.8,18.3,3444,57.6,87.2,20.5,42.9,228.0,3532,8.2,25.0,65.6,102.6,542.9,743.8,3370.3,1635.2,4513.5
"Lieto",83.6,19831,1.2,20.1,61.0,18.9,1.4,1.6,43,178,5890,8215,81.4,11.6,75.1,34.2,9059,80.0,28.4,6.1,21.8,116.3,6463,3.0,31.8,63.4,71.3,149.3,3491.2,4463.3,2006.9,2767.7
"Liminka",79.8,10161,0.3,32.9,57.1,9.9,0.1,0.5,80,-55,2482,3240,94.9,12.6,75.8,33.6,3986,77.1,31.2,7.8,12.4,154.2,2386,6.5,16.6,75.2,59.9,535.6,3006.6,4471.2,2616.0,2368.4
"Liperi",57.1,12145,0.0,18.5,60.3,21.2,0.1,1.0,-4,3,3390,5488,90.5,19.8,76.0,26.4,5012,71.2,37.9,11.8,25.9,142.4,3255,11.5,22.1,64.2,64.9,319.3,2753.6,4051.3,1755.8,3250.1
"Lohja",82.8,46296,-1.0,16.5,60.2,23.3,3.5,3.1,-98,-408,12808,21816,65.0,25.2,68.8,27.0,19719,73.2,58.9,10.3,26.8,137.3,15890,2.3,25.1,71.1,80.6,128.2,3391.2,4808.3,2187.9,3339.1
"Loimaa",67.1,16032,-0.7,14.1,56.6,29.4,0.2,2.6,-98,-39,4320,8113,74.4,21.0,67.7,23.5,6281,71.0,75.7,10.2,34.1,157.1,6546,8.8,28.6,60.9,104.2,-25.6,2350.0,3381.5,1699.2,4121.6
"Loppi",55.2,7861,-2.1,17.6,57.7,24.8,0.5,1.7,-47,-120,2201,3504,89.2,12.9,67.6,22.1,3335,75.8,36.9,6.6,28.4,140.7,2062,8.5,24.9,64.0,61.8,161.0,2518.5,3560.4,1887.5,3270.8
"Loviisa",74.0,14891,-1.3,13.8,58.0,28.2,40.6,3.4,-120,-78,4140,7491,73.7,25.6,65.6,24.4,6037,71.2,58.4,11.2,32.4,149.9,4881,5.8,32.0,59.9,80.9,-120.3,2997.4,4394.0,2235.5,3458.3
"Luhanka",0.0,707,-3.7,9.3,48.5,42.1,0.0,0.4,-16,-10,191,365,96.4,14.5,59.9,21.7,238,68.1,48.3,10.9,47.0,208.4,167,23.4,18.0,56.9,70.2,653.5,2951.9,4681.8,1243.3,4434.2
"Lumijoki",65.2,2052,-1.4,28.9,53.4,17.6,0.1,0.9,0,-35,497,752,98.1,17.3,68.9,21.1,741,71.2,37.9,10.6,21.3,180.8,478,15.9,22.0,60.5,64.5,463.5,3497.1,4551.2,2135.5,2949.8
"Lumparland",0.0,382,-3.3,15.7,56.5,27.7,84.6,11.3,-1,-11,114,173,94.2,11.6,67.7,27.6,197,86.7,32.5,2.0,27.1,100.5,101,14.9,5.0,68.3,51.3,303.7,3960.7,0.0,2806.3,1863.9
"Larsmo",88.2,5340,1.4,29.3,56.3,14.4,92.0,2.3,84,-9,1345,1693,94.6,12.8,71.1,22.8,2274,83.8,30.2,3.0,16.3,131.5,1093,3.5,39.1,56.0,48.1,267.4,4826.8,7738.2,2461.8,2625.1
"Luumäki",62.2,4662,-1.8,12.6,54.0,33.4,0.3,2.1,-55,-34,1270,2404,87.1,21.3,65.7,21.6,1758,70.8,55.5,11.3,37.8,170.0,1373,18.0,22.9,57.0,78.1,-180.0,598.5,4225.0,2070.1,4196.3
"Malax",71.3,5477,0.0,15.2,57.0,27.8,85.2,4.6,-16,1,1595,2553,94.8,15.9,70.5,27.8,2392,78.9,52.8,7.0,30.9,129.0,1811,11.4,26.8,59.4,75.7,302.2,4260.5,5402.6,2130.2,3872.9
"Mariehamn",99.6,11743,0.6,14.4,62.3,23.3,83.5,13.7,-55,60,3033,6123,42.9,46.0,71.2,34.5,5787,80.6,77.1,4.4,24.6,101.8,9899,0.1,8.7,89.2,171.1,413.7,1777.4,5806.7,2167.0,1959.6
"Marttila",44.9,2018,1.5,16.3,56.8,27.0,1.0,2.0,-10,29,562,959,93.7,14.7,66.7,21.4,806,73.5,39.0,6.2,31.8,146.7,523,19.1,18.7,59.1,64.9,202.2,871.2,1535.2,1528.7,3285.9
"Masku",80.2,9554,-1.1,20.8,61.1,18.1,1.1,1.1,13,-116,2878,3842,93.8,7.9,75.9,32.6,4509,81.0,21.2,5.9,21.0,114.1,2323,4.7,24.7,68.6,51.5,145.5,4448.9,4963.1,1979.5,2760.3
"Merijärvi",38.1,1104,-1.3,24.1,53.1,22.8,0.0,0.5,-4,-13,264,430,98.1,18.6,62.9,11.9,384,67.4,48.2,10.7,27.8,191.4,255,28.2,12.9,57.6,66.4,53.4,3061.6,3586.1,2291.7,3429.3
"Merikarvia",57.9,3115,-1.3,13.8,52.0,34.2,0.4,1.0,-41,-10,868,1501,86.1,19.2,61.5,19.2,1060,66.4,66.7,14.0,40.0,197.7,909,12.9,34.4,50.3,85.8,-117.5,305.0,768.9,2034.3,4444.0
"Miehikkälä",30.7,1940,-2.6,10.5,53.0,36.5,0.2,2.9,-41,-13,537,969,96.6,19.4,58.6,14.7,653,64.6,47.0,12.7,43.2,205.1,465,26.0,4.9,67.5,71.2,242.8,4094.8,4782.5,1688.1,3976.8
"Mikkeli",80.8,53818,-0.8,14.2,60.2,25.7,0.2,2.6,-258,-322,14302,27713,55.8,32.7,74.4,30.3,21686,68.5,89.3,11.9,30.0,150.2,22440,3.2,19.8,76.0,103.5,67.7,4024.3,9727.8,1953.3,3580.8
"Muhos",78.0,8980,-0.4,24.0,58.8,17.2,0.1,0.9,17,-54,2325,3602,91.3,18.5,74.1,25.8,3407,69.7,46.4,11.2,22.4,164.7,2501,8.5,12.5,77.2,73.4,220.3,4883.5,5294.3,2168.8,3670.2
"Multia",47.4,1584,-3.2,13.8,51.6,34.6,0.1,1.0,-21,-28,435,767,94.3,17.2,66.0,18.2,545,66.0,59.4,10.9,39.6,200.2,598,25.9,26.3,46.2,109.7,294.8,652.1,2118.7,1933.1,4537.9
"Muonio",51.1,2299,-1.4,15.4,58.2,26.4,0.6,3.3,-13,-9,617,1005,93.1,18.7,72.7,23.2,983,74.2,83.0,7.8,29.5,137.2,1031,2.1,6.1,90.2,104.9,378.0,3136.6,3871.2,2401.0,4381.9
"Korsholm",80.3,19444,0.3,20.1,58.6,21.3,68.7,2.1,44,25,5757,8086,89.2,11.6,77.1,37.0,8871,81.8,31.7,5.8,23.5,118.5,5068,6.0,27.6,64.1,57.1,249.5,4217.2,4897.8,2241.9,3027.6
"Muurame",87.4,10170,0.7,22.1,60.5,17.4,0.1,0.8,26,44,2902,4184,79.2,19.0,79.1,37.7,4454,76.6,30.4,9.4,20.0,126.7,2887,1.4,38.1,58.1,64.8,401.9,1935.9,4789.9,2063.0,2403.8
"Mynämäki",66.2,7766,-0.9,15.3,59.0,25.7,0.7,1.6,-10,-75,2273,3617,89.0,13.8,69.9,22.4,3346,74.9,39.3,7.6,30.1,134.2,1976,14.8,24.2,59.3,59.1,-230.9,2496.3,3224.2,1654.9,3675.9
"Myrskylä",48.0,1922,-2.4,16.0,56.3,27.6,9.2,2.9,-11,-44,543,878,95.4,15.5,65.7,20.2,794,72.9,41.6,12.2,30.7,148.0,457,23.4,20.4,53.6,57.6,341.8,978.1,1153.0,1507.8,3684.2
"Mäntsälä",73.1,20686,-0.6,20.1,61.4,18.5,0.9,2.4,-1,-91,5754,8894,78.8,18.3,69.6,25.5,9383,77.6,37.4,6.7,21.7,121.7,6230,3.8,19.1,75.1,66.4,175.7,3586.4,8397.7,2339.1,2971.3
"Mänttä-Vilppula",83.1,9983,-2.7,11.8,54.6,33.6,0.2,2.3,-123,-175,2772,5255,66.6,23.9,67.0,20.2,3563,65.8,75.9,13.0,39.0,187.8,3776,2.8,36.6,59.4,106.0,170.2,4141.2,6378.1,1650.5,4220.7
"Mäntyharju",63.0,5924,-2.1,11.9,52.6,35.4,0.2,1.6,-84,-51,1571,3109,81.2,22.2,63.3,20.4,2092,67.0,70.0,11.6,40.7,189.4,1931,11.0,31.6,56.0,92.3,326.5,1955.8,4599.6,1719.3,4326.1
"Naantali",85.3,19245,0.4,15.3,59.8,24.9,1.3,1.7,-93,134,5545,9126,60.5,24.1,75.0,34.4,8221,74.8,35.3,8.6,28.7,133.1,5739,2.3,32.5,63.1,69.8,609.2,1071.2,3614.4,1816.1,3110.0
"Nakkila",74.8,5437,-1.5,15.6,57.0,27.4,0.5,1.0,-39,-43,1563,2592,86.5,15.0,67.7,23.3,2098,69.9,35.8,10.7,31.7,163.2,1516,5.8,40.2,52.3,72.3,374.8,1425.4,2288.6,1607.1,3442.0
"Nivala",65.0,10737,-0.7,23.2,55.1,21.7,0.0,0.6,23,-111,2722,4406,91.2,19.0,70.4,18.6,3977,71.3,66.0,10.7,26.4,171.9,3564,13.8,31.0,53.9,89.6,174.1,4952.2,9352.6,2104.8,3806.8
"Nokia",92.1,33527,0.6,19.1,60.8,20.0,0.3,1.5,-26,196,9315,15407,60.3,24.0,73.8,29.6,14160,73.7,43.1,10.1,24.2,135.3,11595,0.9,34.3,63.3,81.9,367.4,2754.0,4302.6,2002.2,2832.5
"Nousiainen",68.9,4733,-1.7,19.8,60.9,19.4,0.8,1.1,-9,-74,1391,1968,90.2,9.6,73.4,26.0,2212,79.6,24.2,6.3,22.3,117.6,992,10.9,17.0,69.6,44.8,151.1,1897.3,2305.5,2272.8,2986.7
"Nurmes",65.7,7641,-1.6,12.2,54.0,33.8,0.1,0.9,-101,-21,2048,4044,73.8,25.3,66.6,19.4,2653,64.6,83.8,16.7,39.7,192.7,2788,14.3,22.4,62.0,105.1,727.7,1251.1,2523.1,1926.6,4113.5
"Nurmijärvi",87.9,42665,1.2,20.9,62.8,16.3,1.2,3.4,85,408,11843,17816,73.7,21.3,71.9,31.5,19654,79.5,34.4,6.5,18.9,114.5,12195,1.6,27.2,69.2,62.0,158.2,3966.9,6209.8,2213.3,2791.2
"Närpes",59.0,9471,-0.4,15.2,56.0,28.8,79.7,12.9,-19,-56,2747,4198,83.2,17.5,62.9,22.5,4251,81.6,85.1,4.0,31.4,123.6,4448,23.0,24.6,51.1,104.6,496.5,2630.1,5153.7,2064.8,3522.0
"Orimattila",67.2,16091,-0.8,17.1,58.3,24.5,0.6,2.0,-94,-59,4411,7672,77.4,20.5,68.0,21.3,6504,72.1,47.4,12.1,28.5,149.4,4814,8.3,31.8,57.5,74.0,155.0,2843.8,3872.4,1847.4,3316.0
"Oripää",52.9,1364,-1.3,17.7,56.2,26.2,0.1,6.3,-6,-31,364,619,93.2,15.5,60.6,18.2,545,73.5,46.6,7.2,30.0,153.6,449,26.1,23.6,48.3,82.4,-641.5,3245.6,3742.7,1755.1,4259.5
"Orivesi",71.2,9221,-0.7,15.3,55.9,28.8,0.1,1.2,-48,-4,2569,4515,76.3,20.2,69.3,24.8,3480,69.5,51.6,11.9,33.2,166.8,2684,9.5,19.9,68.5,77.1,164.1,2139.5,3444.3,1860.6,3820.3
"Oulainen",74.5,7430,-0.6,18.2,56.5,25.3,0.2,0.8,-27,-22,1950,3434,85.6,21.5,69.9,22.3,2778,70.4,71.9,11.0,30.4,169.0,2977,6.1,27.9,64.7,107.2,-2.7,4379.0,5764.1,2136.2,4195.0
"Oulu",96.6,203567,0.9,18.4,65.9,15.8,0.2,3.0,748,511,51891,99329,46.3,40.7,79.4,37.1,84168,66.3,86.7,13.9,19.6,139.8,87979,0.6,19.7,78.6,104.5,284.4,3171.0,4097.6,2031.8,3016.5
"Outokumpu",67.5,6803,-2.9,14.3,55.3,30.4,0.1,2.6,-78,-122,1798,3544,75.5,28.0,69.6,18.2,2226,58.4,72.5,17.3,35.9,214.6,2462,3.5,40.9,54.6,110.6,366.0,1710.6,4493.3,1800.1,3984.7
"Padasjoki",51.2,2963,-2.1,10.4,50.6,39.0,0.4,0.8,-39,-28,818,1550,83.0,21.9,60.9,17.7,1006,66.8,57.0,13.2,43.6,200.9,753,11.8,23.9,62.0,74.9,380.7,2884.6,4042.2,1567.0,4551.5
"Paimio",79.5,10832,1.0,19.1,59.6,21.3,1.0,1.9,14,73,3050,4925,71.5,20.8,74.4,31.6,4700,76.9,34.5,6.2,24.9,128.3,3154,5.6,25.0,67.7,67.1,48.7,4676.2,5744.5,1940.9,2877.8
"Paltamo",59.8,3336,-2.9,12.7,55.2,32.1,0.1,0.7,-51,-50,906,1683,93.0,25.1,66.2,18.5,1101,59.9,56.1,18.3,39.2,212.0,923,9.2,17.3,71.9,83.8,93.5,4406.5,6940.6,1926.3,4624.7
"Pargas",67.6,15217,-0.4,15.7,57.1,27.2,55.2,2.7,-54,-53,4395,7105,78.2,17.1,72.0,34.1,6390,76.1,58.2,7.0,30.6,139.2,5088,5.0,29.3,63.3,79.6,197.5,2713.0,3404.4,2387.7,3588.9
"Parikkala",44.6,4842,-2.6,10.4,51.3,38.4,0.2,1.2,-86,-45,1326,2591,85.3,20.5,64.9,18.7,1667,65.9,65.3,14.5,44.6,198.1,1374,18.3,19.0,60.8,82.4,710.5,359.6,986.2,1441.3,4509.7
"Parkano",67.9,6469,-1.4,14.0,54.2,31.8,0.1,1.7,-51,-44,1780,3218,78.6,22.0,66.3,18.5,2350,67.2,74.4,11.0,36.8,179.2,2398,6.6,32.1,60.0,102.0,566.2,2437.8,4243.3,1539.2,3704.0
"Pedersöre",73.5,11016,-0.6,23.6,58.4,18.0,89.0,2.7,62,-129,3078,3934,94.1,11.4,70.6,23.1,5029,82.7,51.6,3.8,20.1,120.4,4417,10.1,46.6,42.1,87.8,5.6,2637.1,3751.9,2485.0,2977.7
"Pelkosenniemi",38.2,954,-0.4,9.1,55.9,35.0,0.2,0.4,-2,-3,259,488,95.5,23.6,72.2,23.3,351,64.2,66.1,17.4,41.0,172.9,369,3.5,10.0,85.4,105.1,361.6,2072.3,3658.3,2001.0,6079.7
"Pello",53.1,3438,-2.1,9.4,51.7,38.9,0.6,1.2,-49,-28,997,1742,89.3,17.3,66.9,19.5,1132,62.4,79.2,17.4,44.9,210.1,1101,12.4,15.0,68.9,97.3,168.1,1131.8,2830.4,1631.2,5349.0
"Perho",38.9,2825,-1.2,26.1,50.8,23.1,0.4,0.5,9,-45,698,1061,96.9,17.8,61.3,14.0,950,69.5,76.6,9.8,27.2,201.1,878,17.8,28.7,51.6,92.4,-19.8,5880.4,6568.1,2541.6,4026.2
"Pertunmaa",41.6,1713,-1.5,11.2,53.1,35.8,0.1,1.9,-30,3,457,910,95.7,18.9,60.6,16.0,595,66.9,67.6,13.0,42.3,192.3,637,17.9,25.4,54.9,107.1,-371.9,3987.7,5533.0,1953.3,4597.8
"Petäjävesi",56.3,3900,-0.5,19.7,56.5,23.8,0.1,1.0,-16,-4,1042,1760,90.1,20.3,70.8,25.5,1518,72.1,38.9,11.5,28.2,158.2,869,14.5,20.0,62.7,57.2,148.5,2402.6,5787.7,2216.4,3264.1
"Pieksämäki",76.1,17933,-1.6,12.1,57.2,30.7,0.1,2.0,-200,-117,4940,9573,63.3,30.2,70.2,22.7,6631,65.3,83.4,11.8,37.8,174.8,6742,5.6,21.8,71.6,101.7,319.4,3845.3,5716.9,1514.1,4464.1
"Pielavesi",43.2,4498,-2.7,14.3,50.5,35.1,0.2,1.1,-53,-81,1205,2216,83.1,18.3,64.4,16.2,1491,64.7,67.9,10.8,41.5,210.1,1267,23.1,11.5,63.1,85.0,484.4,3557.4,5653.0,1909.7,4928.2
"Jakobstad",98.3,19278,-0.5,15.7,58.7,25.6,56.3,7.2,-67,-138,5319,9070,58.3,25.7,67.9,29.0,8009,73.5,73.6,8.0,28.9,142.0,10656,1.1,36.6,61.5,133.1,252.1,3135.7,5797.0,2177.3,3872.0
"Pihtipudas",48.3,4053,-1.8,15.1,55.0,29.8,0.0,0.6,-37,-40,1067,1984,93.1,22.3,63.0,15.3,1466,67.7,77.0,13.7,35.8,181.5,1413,19.1,13.3,65.5,96.4,213.4,3655.3,7547.5,2148.8,4349.6
"Pirkkala",97.7,19368,0.7,20.6,61.7,17.7,0.4,2.0,71,46,5505,8439,58.4,21.3,80.0,41.3,8764,78.1,26.5,7.5,20.3,119.5,7364,0.4,25.4,72.9,84.0,348.6,2284.7,2538.6,2145.4,2622.9
"Polvijärvi",29.4,4307,-2.4,13.2,55.6,31.3,0.1,0.6,-46,-60,1183,2165,94.0,18.2,68.0,16.7,1512,63.0,56.9,15.2,38.1,191.9,1212,19.5,27.7,50.3,80.2,204.6,174.1,1208.0,1675.4,3839.1
"Pomarkku",61.5,2146,-0.9,15.4,54.1,30.6,0.1,0.7,-1,-19,602,1008,94.5,16.0,61.7,19.2,779,68.2,43.3,11.0,36.0,178.0,563,8.9,31.3,56.7,72.3,-96.0,1813.6,2344.8,2089.9,4078.3
"Pori",93.5,84403,-0.2,14.4,60.2,25.4,0.5,2.4,-387,3,22593,44189,55.8,32.5,72.9,27.9,33395,67.8,80.4,13.7,29.8,153.3,34842,1.5,21.7,75.9,104.3,143.7,3051.9,5913.4,1716.5,3445.0
"Pornainen",66.6,5068,-1.0,21.2,63.2,15.6,2.4,1.6,-1,-51,1427,1936,94.5,7.2,69.9,25.3,2414,80.7,25.8,5.9,17.8,112.1,1051,8.2,20.7,67.4,43.5,518.4,2654.3,2873.3,2214.5,2446.1
"Porvoo",84.5,50262,0.2,17.2,62.0,20.8,29.2,4.8,18,34,13949,23280,58.2,28.0,71.3,32.8,22375,75.3,64.1,9.5,23.9,124.2,21265,1.3,31.3,66.2,95.0,580.1,3244.0,7201.6,2248.6,2939.0
"Posio",40.1,3237,-2.2,8.9,53.1,38.0,0.1,1.1,-48,-24,928,1578,90.4,18.0,63.8,16.5,1024,59.4,79.3,19.4,45.6,223.2,914,21.7,16.6,60.3,89.3,590.1,3672.2,5191.2,1578.0,5430.0
"Pudasjärvi",50.7,7990,-1.4,16.2,53.3,30.4,0.1,1.9,-52,-88,2038,3764,87.8,24.1,63.9,15.7,2529,60.4,79.7,16.8,37.9,220.4,2517,12.8,19.3,67.0,99.5,-123.9,3181.5,6628.7,2356.9,4513.0
"Pukkila",40.2,1899,-2.1,16.3,60.9,22.7,0.9,2.8,-12,-33,518,866,96.3,15.2,67.7,19.4,820,74.6,36.0,10.8,26.2,136.6,497,16.1,23.3,57.5,60.6,-443.9,2684.0,2920.5,1907.3,3265.9
"Punkalaidun",41.5,2896,-1.8,13.1,53.4,33.5,0.1,2.7,-29,-59,766,1445,91.6,17.2,64.5,20.1,1070,70.0,59.2,7.0,38.4,175.6,895,23.8,25.7,48.9,83.6,354.6,1087.7,2169.5,1772.4,4131.6
"Puolanka",56.2,2597,-2.7,9.2,53.4,37.4,0.2,1.7,-45,-26,706,1365,90.7,23.5,62.9,17.0,793,56.1,78.2,18.6,45.6,236.6,740,24.1,6.6,67.6,93.3,45.1,2700.4,4930.7,1808.6,6052.8
"Puumala",50.7,2197,-0.5,7.8,51.5,40.7,0.2,1.5,-36,21,612,1157,85.8,18.6,65.5,22.0,761,67.3,70.6,12.2,46.3,190.1,626,21.6,12.9,62.9,82.3,1062.4,495.2,2389.6,1580.3,4489.3
"Pyhtää",74.0,5187,-1.5,16.8,57.6,25.6,7.4,2.1,-28,-38,1540,2346,93.7,10.5,70.8,27.2,2115,72.3,27.2,10.9,30.0,148.9,1056,6.5,25.9,63.2,49.9,69.0,2800.3,3104.5,1806.6,3417.2
"Pyhäjoki",70.3,3146,-1.3,17.6,54.1,28.3,0.3,1.0,-22,-23,875,1389,96.5,16.3,70.7,20.1,1143,70.3,47.4,10.1,32.5,179.0,890,10.0,35.3,52.4,77.9,215.5,3337.6,5967.9,3039.7,3372.2
"Pyhäjärvi",54.7,5248,-1.7,14.9,52.3,32.8,0.2,0.8,-46,-46,1419,2592,84.0,22.1,65.1,18.4,1726,62.6,78.6,12.8,40.0,209.2,1678,10.9,23.4,63.9,97.2,-99.7,4780.1,8063.8,1989.7,4842.4
"Pyhäntä",55.4,1557,-1.4,21.9,55.7,22.4,0.0,0.8,3,-33,398,650,97.8,22.6,67.0,18.0,596,69.5,82.7,10.6,27.5,164.9,779,7.7,63.0,28.4,130.7,549.8,2121.4,5232.5,2300.6,3664.7
"Pyhäranta",43.2,2028,-2.4,14.4,57.7,27.9,0.3,0.9,-21,-28,603,955,97.1,7.7,68.1,21.3,874,75.7,25.1,7.4,31.2,137.6,488,7.6,50.2,40.6,55.8,607.5,1269.7,1817.1,1569.5,3348.1
"Pälkäne",56.3,6499,-1.0,14.8,56.3,28.8,0.4,2.2,-34,-54,1844,3046,88.9,15.6,69.2,24.2,2586,73.0,51.7,9.6,33.2,153.9,1929,13.9,19.9,63.6,74.6,38.0,1765.3,3643.5,1835.7,3986.6
"Pöytyä",51.7,8333,-1.1,18.2,57.0,24.8,0.6,3.0,-26,-81,2263,3797,92.7,13.9,65.3,20.9,3468,75.6,48.4,9.3,28.3,142.8,2602,14.5,31.1,52.3,75.0,305.1,1453.5,2329.5,1989.3,3364.7
"Raahe",87.1,24811,-0.8,19.0,57.1,23.9,0.1,2.0,-19,-216,6649,11529,74.8,25.8,71.3,22.6,9018,66.3,86.7,12.4,29.3,177.2,10439,2.2,43.1,53.9,115.8,219.6,5986.1,10503.2,2020.8,3478.7
"Raasepori",77.9,27592,-0.9,14.9,58.4,26.7,64.6,3.5,-94,-184,7604,13586,63.6,26.5,67.6,28.7,11409,72.3,71.9,10.8,30.0,144.1,9931,3.9,20.9,73.4,87.0,135.5,3888.7,4647.4,2090.4,3774.3
"Raisio",99.3,24178,-0.2,15.7,62.1,22.2,1.4,4.4,-38,-65,6831,11700,52.9,22.5,72.4,29.4,10646,73.4,29.1,9.0,26.4,127.6,10367,0.1,26.7,72.1,97.4,163.2,2540.7,3586.9,1749.9,3258.4
"Rantasalmi",39.1,3514,-1.1,11.6,54.9,33.5,0.2,2.1,-49,-2,987,1746,83.0,19.8,67.6,20.4,1255,65.8,57.5,14.5,39.2,183.1,888,26.0,18.4,54.1,70.8,80.5,3151.1,3633.5,1838.1,4251.3
"Ranua",49.7,3896,-1.9,18.5,54.9,26.6,0.0,0.8,-31,-50,978,1686,95.0,23.3,63.8,16.7,1263,62.2,79.3,15.8,33.4,214.5,1218,16.2,8.9,72.5,96.4,422.2,960.2,4533.6,2426.6,4485.1
"Rauma",92.7,39360,-0.7,14.7,60.1,25.3,0.3,4.8,-145,-382,10844,19901,57.1,29.0,71.5,29.0,16568,71.8,76.0,10.2,28.9,139.1,16588,1.1,32.0,65.8,100.1,157.0,540.0,2138.9,1872.1,3504.3
"Rautalampi",48.5,3196,-1.8,13.3,52.6,34.1,0.1,2.8,-41,-39,870,1607,90.0,20.5,66.0,20.1,1079,64.7,64.4,12.6,39.7,201.7,908,18.9,17.4,61.7,84.2,211.5,3661.5,6141.4,1879.8,4554.4
"Rautavaara",44.6,1651,-2.8,10.3,50.6,39.1,0.1,0.5,-35,-12,434,854,91.6,23.7,56.9,12.7,500,57.5,68.6,15.8,47.5,239.6,444,16.2,11.5,71.2,88.8,854.6,6731.7,9730.5,1668.1,5556.6
"Rautjärvi",55.8,3335,-2.9,9.6,53.4,37.0,0.1,1.9,-56,-57,945,1814,84.6,19.2,63.5,16.5,1064,59.1,57.2,19.3,44.8,222.9,916,8.3,37.9,53.1,86.1,491.5,1758.3,3499.9,1931.3,4216.5
"Reisjärvi",43.5,2743,-2.5,18.8,55.2,26.0,0.1,0.6,-9,-61,705,1180,97.9,20.0,62.5,18.0,1034,70.4,71.9,9.0,31.7,172.1,930,26.9,18.2,54.1,89.9,-330.3,11005.5,11312.4,2220.2,4436.4
"Riihimäki",97.2,28736,-1.0,16.2,62.3,21.5,0.4,3.5,-51,-233,7635,14484,45.3,32.8,72.1,28.5,12343,70.9,48.4,10.3,25.4,135.1,11036,0.4,26.1,72.7,89.4,530.0,4017.2,5734.1,1789.1,3246.2
"Ristijärvi",43.2,1288,-2.2,10.8,52.6,36.6,0.0,0.5,-23,-7,353,645,96.9,21.1,68.4,22.1,456,66.7,48.2,12.5,44.2,188.8,303,18.5,6.3,74.3,66.4,-42.7,3576.1,5896.7,1657.6,5891.3
"Rovaniemi",90.2,62922,0.8,16.5,64.6,19.0,0.2,2.5,11,349,16249,31616,50.8,38.3,78.8,33.4,26603,68.5,90.3,12.5,23.3,134.6,26195,1.9,13.3,83.5,98.5,-104.1,3178.9,4270.4,1998.7,3514.3
"Ruokolahti",61.1,5099,-2.3,12.7,53.9,33.4,0.2,2.1,-70,-47,1511,2540,86.5,15.9,66.5,22.6,1856,68.2,31.7,12.7,39.1,181.1,1011,13.5,16.6,67.2,54.5,407.9,3525.2,4646.8,1595.6,3904.1
"Ruovesi",50.8,4398,-1.4,12.0,52.4,35.6,0.3,1.2,-62,-13,1218,2231,80.5,21.2,66.0,21.1,1557,68.6,67.5,10.1,41.5,186.4,1533,12.3,32.7,53.7,98.5,316.7,1276.5,2008.9,1519.3,4653.9
"Rusko",80.2,6251,-0.2,19.7,61.4,18.8,1.6,1.5,9,-34,1926,2499,94.6,6.7,75.4,31.0,2956,81.1,21.9,6.0,21.4,111.9,1913,4.9,53.0,40.3,64.7,405.7,1165.4,2057.4,1912.7,2371.6
"Rääkkylä",25.9,2181,-2.6,9.1,52.3,38.6,0.1,2.2,-38,-24,607,1168,97.3,19.0,66.4,15.8,663,56.6,64.0,17.7,45.8,237.9,532,27.3,12.0,57.9,80.2,220.1,1891.3,3564.9,1257.7,4902.3
"Saarijärvi",58.1,9415,-1.8,14.1,55.2,30.7,0.1,1.0,-71,-103,2532,4714,80.3,22.6,66.3,20.7,3236,62.6,70.4,19.5,35.8,196.3,2931,11.6,19.6,67.0,90.6,276.7,1529.0,4748.8,1796.0,4092.7
"Salla",47.3,3491,-2.3,10.0,52.3,37.7,0.3,1.9,-69,-29,935,1776,87.7,22.8,65.8,16.7,1148,61.2,80.1,20.7,44.1,211.4,1110,15.9,6.6,76.0,96.7,806.4,3744.8,5542.3,1957.9,5961.9
"Salo",74.9,52321,-1.3,14.8,58.8,26.4,1.1,4.0,-316,-462,14332,26048,71.4,24.5,67.7,25.9,20215,67.6,73.5,14.9,30.5,162.1,18214,5.3,25.0,68.3,90.1,38.5,1876.6,3130.5,1849.3,3540.0
"Saltvik",50.8,1858,-0.8,17.3,58.7,24.0,92.1,7.2,6,-36,529,821,97.4,15.2,65.3,19.9,921,84.8,25.1,3.1,24.0,103.4,471,11.3,39.3,43.9,51.1,130.2,1484.9,0.0,2677.6,1933.8
"Sastamala",68.6,24651,-0.7,14.9,56.6,28.4,0.1,2.2,-78,-117,6796,12005,76.2,20.5,68.0,22.8,9455,70.0,67.0,8.7,33.4,162.5,8340,7.2,28.3,62.7,88.2,315.3,2165.7,3763.6,1761.0,3701.0
"Sauvo",42.7,2994,-0.4,16.5,58.3,25.2,2.5,2.2,-8,-13,874,1354,96.3,12.7,70.4,27.6,1282,76.1,37.8,6.9,29.8,134.6,742,20.6,20.6,55.5,57.9,76.5,2550.1,3846.0,1683.0,3098.2
"Savitaipale",52.2,3429,-1.5,10.9,51.5,37.6,0.1,0.8,-58,5,914,1760,90.2,16.4,64.4,19.8,1253,71.3,61.6,11.1,41.3,177.7,1062,17.1,16.4,64.3,84.8,335.1,2216.1,3459.6,1778.9,4427.2
"Savonlinna",77.3,33611,-3.0,12.3,56.8,30.9,0.1,2.3,-302,-793,9148,17825,59.9,29.3,70.9,25.5,12585,65.1,89.3,15.2,35.1,175.4,12770,5.3,21.6,71.8,101.5,115.5,3283.1,6078.9,1568.6,4507.6
"Savukoski",38.6,1015,0.3,9.9,56.9,33.2,0.2,0.5,-7,10,278,498,96.8,20.5,67.9,19.1,369,64.9,71.8,16.7,38.2,174.3,334,38.6,5.7,54.8,90.5,-13.8,1702.5,2095.6,2391.1,5180.3
"Seinäjoki",91.1,63288,1.0,17.5,63.1,19.4,0.2,1.7,148,372,16972,31063,64.7,34.3,77.3,32.6,27657,73.0,80.6,9.5,23.1,126.6,30989,2.3,23.0,73.7,112.0,228.7,4635.1,9205.0,2007.4,3098.8
"Sievi",53.7,4980,-1.1,26.4,54.7,18.9,0.2,1.3,29,-81,1184,1847,96.4,19.7,67.0,17.4,1784,70.0,64.6,9.0,23.5,182.2,2229,10.4,58.0,30.6,124.9,276.9,4194.8,6837.1,2537.1,3727.7
"Siikainen",29.0,1458,-1.2,12.0,52.8,35.2,0.2,1.2,-15,-9,406,700,97.4,14.6,62.0,15.2,473,63.4,60.0,15.1,40.9,212.1,386,22.0,39.4,36.3,81.6,607.0,1380.7,1648.8,1731.1,3807.3
"Siikajoki",46.9,5249,-1.8,22.0,55.8,22.2,0.1,1.2,5,-145,1359,2215,97.4,15.9,69.4,18.5,1933,68.3,56.8,10.2,27.4,176.4,1706,20.9,20.8,56.4,88.3,266.5,2818.3,4427.7,2403.5,3533.1
"Siikalatva",47.5,5301,-2.7,15.3,54.7,30.0,0.1,0.6,-67,-83,1396,2559,97.1,18.0,66.0,15.3,1943,67.5,73.0,13.3,35.7,180.3,1839,23.1,19.1,56.1,94.6,214.3,2753.1,5967.6,2042.1,4590.8
"Siilinjärvi",82.4,21674,0.1,20.1,60.2,19.8,0.0,0.8,55,-76,6154,9457,78.4,18.5,77.4,32.1,9328,75.7,40.7,8.1,24.0,132.2,7129,4.2,30.3,64.2,76.4,151.6,3220.2,6151.9,2108.3,3227.3
"Simo",53.9,3045,-2.1,14.1,54.2,31.7,0.1,0.8,-29,-40,897,1407,97.9,12.5,67.4,20.9,1052,65.5,40.8,12.7,38.0,195.6,613,9.8,13.4,74.9,58.3,108.7,1531.4,2784.6,1951.4,4310.0
"Sipoo",84.3,20666,1.8,19.0,63.4,17.6,32.0,3.5,23,330,5854,8662,74.1,18.4,73.0,36.1,9813,81.0,30.1,5.9,19.7,107.0,6415,2.4,18.4,77.1,65.4,355.9,3340.5,3757.4,2467.2,2603.9
"Siuntio",48.8,6134,-0.2,19.0,62.4,18.6,28.2,4.1,6,-25,1764,2565,89.7,12.4,71.4,34.6,2852,78.6,23.8,6.7,21.1,115.5,1352,7.0,17.5,72.7,47.4,443.3,3586.6,3850.0,1892.4,2661.9
"Sodankylä",60.7,8444,-1.2,13.4,59.8,26.8,0.2,1.4,-46,-72,2323,4085,86.1,28.8,73.0,23.9,3535,70.6,84.5,11.2,32.1,141.7,3577,6.6,25.3,67.1,101.2,220.7,3613.3,6837.8,2071.6,4563.8
"Soini",47.5,2085,-1.4,16.1,53.8,30.2,0.2,0.5,-17,-11,566,945,96.9,18.1,60.2,17.4,748,68.7,69.7,11.5,35.1,182.6,760,14.6,27.4,55.9,101.6,408.2,3924.7,6262.4,1554.4,4173.1
"Somero",57.4,8828,-1.0,13.8,54.7,31.5,0.6,2.5,-71,-20,2381,4381,86.4,16.7,63.2,20.4,3313,70.9,63.1,10.1,35.9,169.2,2732,15.0,24.2,58.7,82.5,267.8,2601.8,3861.0,1925.4,3781.2
"Sonkajärvi",42.2,3967,-2.7,12.8,55.5,31.7,0.1,0.8,-49,-68,1105,1978,89.8,22.3,65.9,16.3,1396,63.6,56.6,16.3,38.9,191.9,1164,21.4,13.9,63.2,83.4,498.1,2657.7,5645.1,1748.4,4425.5
"Sotkamo",60.1,10389,-0.3,15.5,58.6,25.9,0.2,1.7,-43,-4,2885,4948,79.0,22.7,72.8,25.7,4197,71.6,68.4,10.7,30.8,148.3,4134,7.7,30.2,60.8,98.5,-73.2,3054.4,5336.2,2179.5,4055.4
"Sottunga",0.0,91,-1.1,2.2,56.0,41.8,91.2,7.7,0,-3,23,54,94.4,11.1,67.4,31.5,44,78.8,47.7,2.2,42.4,109.1,24,29.2,8.3,62.5,54.5,-1208.8,2549.5,0.0,1054.9,4230.8
"Sulkava",41.5,2530,-2.2,8.6,52.5,38.9,0.2,2.1,-30,-33,693,1312,94.1,19.1,62.3,19.2,850,64.2,69.2,16.2,43.9,204.5,798,16.2,18.5,62.4,93.9,512.6,1745.8,2790.9,1785.0,4782.6
"Sund",0.0,1028,-0.3,15.7,58.9,25.4,87.9,10.6,-2,-16,299,491,95.1,14.7,65.1,21.1,517,84.9,24.2,4.4,25.8,99.4,234,12.4,13.2,67.1,45.3,703.3,1539.9,0.0,2555.4,2197.5
"Suomussalmi",62.4,7862,-2.3,10.3,54.8,34.9,0.1,1.5,-97,-91,2225,4032,80.2,22.8,67.7,17.6,2578,59.4,81.4,20.1,41.9,212.3,2334,10.1,23.6,64.3,90.5,-112.4,1649.2,3986.3,1880.9,5045.5
"Suonenjoki",72.0,7145,-1.7,13.8,55.5,30.8,0.0,1.9,-81,-53,1945,3655,66.5,27.6,68.6,20.5,2586,66.6,68.4,11.5,37.5,181.0,2455,8.4,30.1,60.2,94.9,410.4,3475.7,7875.4,1839.0,4378.4
"Sysmä",52.2,3753,-2.7,9.4,50.0,40.6,0.2,1.3,-69,-41,1000,2108,82.4,21.5,60.5,19.7,1243,64.8,69.4,12.2,45.5,210.5,1027,22.6,13.4,61.5,82.6,197.4,578.5,1317.9,1846.3,4407.7
"Säkylä",72.9,6811,-1.3,13.5,56.6,29.9,0.2,1.7,-52,-43,1953,3364,86.2,15.7,68.0,23.2,2842,75.4,58.7,6.5,34.4,142.9,3267,6.7,31.4,60.6,115.0,375.1,1117.5,2609.6,1688.9,3747.9
"Taipalsaari",58.7,4715,-1.2,16.5,59.1,24.4,0.2,2.2,-4,-57,1398,2069,95.7,10.6,74.6,34.5,1999,73.6,26.3,10.7,27.6,138.8,779,9.5,15.5,70.6,39.0,207.0,3708.2,5617.4,1881.4,2984.5
"Taivalkoski",46.9,4024,-0.8,14.9,56.4,28.7,0.0,0.9,-16,-28,1060,1848,83.5,22.9,67.6,16.8,1397,63.2,79.2,15.9,35.4,190.5,1304,10.1,21.5,67.5,93.3,251.2,973.9,2987.6,2416.5,4203.0
"Taivassalo",38.7,1662,0.5,13.5,54.4,32.1,0.6,4.3,-11,14,492,816,90.4,14.6,64.4,20.9,664,75.5,49.5,8.5,36.8,149.1,495,16.2,28.5,53.3,74.5,628.2,4790.0,5711.8,1661.3,3758.7
"Tammela",50.4,6081,-1.2,15.4,58.7,25.9,0.2,1.2,-21,-46,1760,2796,88.7,14.1,70.9,27.0,2578,74.6,36.7,8.9,29.7,138.8,1620,13.5,30.2,53.9,62.8,141.3,1329.2,2338.4,1713.0,3277.3
"Tampere",98.6,235239,1.5,13.7,67.4,18.9,0.5,4.7,232,2626,58724,127639,24.3,48.2,79.1,37.3,101034,66.5,78.7,14.0,22.5,129.5,122611,0.2,18.7,80.1,121.4,204.0,2850.5,7306.6,2045.0,3302.7
"Tervo",35.8,1567,-1.1,9.6,53.7,36.7,0.1,0.9,-23,6,443,798,92.0,18.3,64.2,17.6,549,64.5,51.5,13.0,43.8,188.7,424,19.8,11.1,65.8,77.2,8.9,3565.4,8215.7,1465.9,5023.6
"Tervola",39.9,3062,-0.2,15.9,55.7,28.4,0.3,1.8,-25,5,819,1471,95.9,21.8,69.6,18.2,1038,63.9,64.6,16.8,34.7,195.6,940,15.7,23.8,58.6,90.6,476.5,801.1,2136.5,1886.3,4213.3
"Teuva",66.1,5158,-2.1,14.3,53.4,32.2,0.7,1.2,-40,-72,1457,2451,95.6,14.2,65.2,16.9,1865,69.3,66.8,10.9,37.4,182.5,1727,17.0,28.3,53.0,92.6,271.4,4526.4,6052.9,1794.9,4185.3
"Tohmajärvi",34.2,4482,-1.9,12.9,55.8,31.3,0.0,2.5,-45,-44,1252,2230,90.5,18.5,66.4,17.7,1511,60.8,57.9,19.3,37.2,202.5,1291,16.6,10.2,71.2,85.4,99.5,1685.4,2919.2,1937.1,4244.5
"Toholampi",51.6,3112,-2.5,19.3,54.2,26.4,0.1,0.9,-6,-74,863,1306,96.3,14.0,64.2,18.0,1172,71.6,66.0,8.5,30.3,172.4,1040,22.5,23.3,52.3,88.7,202.1,4588.7,9173.5,2281.8,3773.5
"Toivakka",42.7,2406,0.9,19.1,54.0,26.9,0.0,0.8,-5,24,669,1078,97.4,13.3,69.5,25.1,917,74.4,39.4,11.6,31.2,160.0,586,5.5,33.3,59.0,63.9,68.6,2909.0,4469.7,2043.6,3449.3
"Tornio",87.8,21875,-0.2,17.4,60.0,22.6,0.4,2.8,-21,-106,5928,10195,66.8,28.4,73.7,25.7,8539,67.9,78.7,13.4,26.9,156.8,8689,2.6,38.3,55.3,101.8,225.0,2739.9,4991.6,1794.7,3356.2
"Turku",99.1,191331,0.9,12.8,66.6,20.6,5.4,6.6,-171,1301,46959,105025,25.2,48.3,76.5,35.0,81618,66.3,75.8,13.6,24.2,132.4,100128,0.3,16.5,82.2,122.7,32.6,4290.1,7822.6,1903.4,3373.0
"Tuusniemi",40.7,2551,-1.8,10.7,54.8,34.5,0.1,1.5,-50,9,691,1351,89.5,16.6,66.5,18.5,843,59.7,52.2,16.0,43.3,208.1,626,20.6,15.0,61.3,74.3,-6.7,1440.6,3316.7,1755.4,4981.2
"Tuusula",95.3,38664,0.0,18.9,63.6,17.5,1.5,3.9,64,-139,10959,16536,70.4,20.4,72.0,33.4,18219,78.8,27.8,6.9,20.4,112.1,14225,1.0,30.6,66.7,78.1,303.3,2550.2,4214.4,2204.1,2922.5
"Tyrnävä",71.6,6758,0.4,31.8,55.5,12.7,0.3,0.4,74,-47,1640,2302,96.8,12.3,72.2,22.7,2524,73.3,34.9,10.0,15.9,166.6,1419,14.0,18.8,65.0,56.2,-42.6,4955.9,5352.6,2426.2,3045.7
"Ulvila",85.2,13021,-1.6,17.1,57.2,25.7,0.3,1.0,-54,-165,3847,5984,84.1,16.1,73.0,27.6,5322,73.6,31.0,10.9,28.9,148.7,3662,3.2,37.1,58.0,68.8,194.8,1743.1,3459.4,1849.3,3281.3
"Urjala",48.7,4792,-0.8,13.5,54.8,31.7,0.3,2.4,-32,-7,1296,2422,87.3,21.8,63.4,18.5,1749,68.0,56.3,11.8,36.4,176.1,1452,13.4,29.6,53.9,83.0,440.5,2761.7,4242.1,1702.8,3763.1
"Utajärvi",48.2,2702,-2.4,15.3,55.0,29.8,0.0,1.8,-19,-71,708,1253,94.0,17.0,65.7,15.2,935,64.0,66.2,14.7,36.5,196.0,910,12.7,18.0,67.1,97.3,579.9,3394.5,4682.1,2369.4,4072.5
"Utsjoki",27.4,1232,-0.8,14.4,55.7,29.9,0.2,3.8,-14,7,310,587,91.8,26.2,67.4,26.8,486,70.4,82.7,9.3,33.1,155.6,473,10.6,4.2,76.1,97.3,1041.4,3613.6,6317.4,2619.3,4816.6
"Uurainen",41.9,3783,1.0,25.9,54.9,19.2,0.1,1.0,25,10,1001,1460,94.8,14.9,72.0,23.0,1414,72.1,36.8,12.3,22.7,165.0,859,11.2,22.5,65.0,60.7,-96.5,3991.5,6460.5,2347.1,2774.5
"Nykarleby",60.5,7455,-0.9,18.0,56.8,25.1,86.4,6.2,-11,-65,2144,3208,81.5,19.0,67.4,25.2,3366,81.1,69.1,4.2,26.8,123.4,3297,17.0,37.0,44.7,98.0,-47.8,5042.1,7055.4,2226.7,3501.1
"Uusikaupunki",76.7,15700,-0.3,13.6,58.8,27.6,0.4,3.9,-68,-34,4281,8013,63.3,28.3,71.0,22.9,6924,76.8,80.4,6.6,32.5,127.5,9123,2.7,56.5,40.2,131.8,420.8,2317.5,4671.1,1671.7,3703.1
"Vaala",42.6,2869,-2.4,12.2,52.6,35.2,0.0,1.0,-35,-38,766,1502,90.8,22.1,66.7,18.4,924,61.2,72.6,17.4,42.9,218.3,887,15.6,16.0,66.9,96.0,285.1,3508.5,4972.8,2296.3,5103.9
"Vaasa",98.3,67552,0.2,15.6,64.5,19.9,23.0,6.1,20,-104,17454,34345,37.1,41.2,76.5,35.9,29405,70.2,84.7,9.9,22.7,129.2,36635,0.5,27.7,71.1,124.6,315.6,3731.5,8356.9,2470.5,3389.6
"Valkeakoski",88.2,21137,0.0,16.2,57.4,26.4,0.2,2.5,-55,45,5809,10356,53.2,25.1,73.4,27.3,8116,69.5,60.0,11.3,30.2,160.4,6856,1.5,36.3,61.2,84.5,105.4,2812.8,4830.0,2208.4,3502.2
"Valtimo",45.0,2143,-3.4,11.9,52.7,35.3,0.0,0.5,-33,-46,565,1120,88.3,17.8,62.0,16.0,718,61.7,62.7,16.9,42.2,208.9,585,23.2,8.7,65.0,81.5,584.2,2185.7,3202.5,1741.5,5121.3
"Vantaa",99.7,228166,2.3,17.5,67.2,15.3,2.4,11.9,1159,2573,60729,107440,35.6,39.6,70.0,31.3,106531,74.2,45.7,9.9,18.1,109.4,116320,0.3,21.5,77.4,109.2,493.7,3995.6,8451.0,2040.4,2754.6
"Varkaus",92.0,20829,-1.5,12.4,58.1,29.5,0.2,2.4,-157,-187,5589,11239,58.0,31.2,71.3,25.6,7463,62.3,78.3,15.9,35.6,183.5,8294,1.3,33.2,64.5,111.1,219.0,3532.9,8727.6,1627.4,4037.7
"Vehmaa",46.5,2285,-1.3,14.0,58.0,28.0,0.7,1.9,-28,-9,646,1119,91.2,15.2,68.1,19.0,1004,76.2,45.3,7.6,32.9,130.7,741,18.2,21.3,59.0,73.8,-429.3,5874.0,7059.5,1415.3,4516.8
"Vesanto",40.0,2058,-1.7,10.0,49.9,40.1,0.2,1.3,-37,2,565,1086,94.4,20.6,59.6,16.5,677,65.5,65.4,13.9,46.0,209.3,557,23.2,8.4,67.0,82.3,268.7,3293.5,6497.1,1769.2,5202.1
"Vesilahti",55.7,4393,-1.5,20.9,60.7,18.4,0.3,1.4,-2,-71,1228,1762,97.7,8.2,73.8,31.1,1920,76.7,27.7,7.7,21.4,132.3,844,14.2,11.7,70.4,44.0,-31.4,3230.1,3691.1,2140.9,3198.0
"Veteli",50.0,3166,-1.6,15.9,54.9,29.2,1.6,1.5,-24,-27,902,1405,97.0,16.8,68.1,21.3,1281,74.2,59.7,7.4,33.4,151.1,1087,22.9,21.3,54.3,84.9,554.6,5358.5,9295.6,2026.2,4276.4
"Vieremä",38.0,3676,-0.2,15.9,58.3,25.9,0.1,2.6,-5,-9,1021,1668,93.8,22.1,69.0,18.8,1520,72.4,71.0,10.0,31.2,142.4,2052,20.0,50.7,28.0,135.0,973.9,2252.2,8820.5,2066.4,3683.4
"Vihti",74.7,29211,0.5,19.1,62.3,18.7,1.7,4.3,36,78,8167,12903,74.7,21.6,71.7,30.9,13307,76.8,38.2,8.1,21.5,118.3,8176,2.5,26.7,68.7,61.4,159.3,3081.0,3369.4,2109.5,2926.7
"Viitasaari",57.5,6264,-2.3,11.5,53.9,34.6,0.1,0.9,-71,-81,1706,3239,74.6,23.3,65.9,19.1,2182,64.3,79.3,15.3,40.1,193.8,2225,10.3,24.5,63.8,102.0,454.8,3159.5,7244.4,1732.0,4423.7
"Vimpeli",69.1,2901,-2.5,15.3,56.4,28.4,0.1,0.7,-35,-36,810,1299,94.6,16.6,68.3,21.4,1116,69.0,65.7,9.7,33.9,166.5,977,9.2,36.7,52.2,87.5,122.0,3267.5,5741.1,1627.7,4014.1
"Virolahti",44.9,3150,-1.8,12.5,56.6,31.0,0.4,4.4,-40,-22,898,1561,95.7,19.4,66.4,19.4,1162,66.4,53.4,13.8,36.9,176.0,1171,10.8,7.3,80.0,100.8,338.1,5873.0,8676.2,2095.9,3396.2
"Virrat",51.3,6739,-1.5,12.3,52.4,35.3,0.1,1.7,-56,-52,1853,3449,74.4,23.9,65.8,21.1,2366,67.3,77.5,12.2,40.1,189.3,2289,12.1,26.7,59.1,96.7,452.6,1109.5,2892.3,1934.6,4108.8
"Vårdö",0.0,448,4.2,15.0,53.6,31.5,85.5,12.9,0,6,129,203,95.6,14.3,65.4,25.7,190,86.8,46.3,2.6,32.1,126.3,126,37.3,16.7,37.3,66.3,582.6,2571.4,0.0,2678.6,3058.0
"Vöyri",51.1,6613,0.0,17.7,57.0,25.3,80.6,6.0,7,-71,1879,2888,91.3,16.3,68.7,26.4,2869,78.7,62.1,5.9,28.2,130.6,2516,15.5,30.6,52.6,87.7,29.5,1000.0,1816.1,2257.2,3375.3
"Ylitornio",47.5,4022,-2.3,10.2,53.4,36.4,0.5,2.3,-47,-63,1116,2013,91.9,18.2,65.6,18.9,1401,65.5,76.7,13.9,41.9,193.9,1297,12.4,18.1,63.6,92.6,173.3,143.5,945.8,1745.2,5469.2
"Ylivieska",86.0,15212,-0.3,21.5,59.3,19.2,0.3,1.1,54,-97,3988,6929,73.1,27.7,74.3,26.7,6107,70.9,70.5,11.2,23.6,149.7,6483,2.5,21.4,75.1,106.2,62.9,5465.8,6149.7,2515.8,3372.3
"Ylöjärvi",88.4,32983,0.3,21.6,60.8,17.6,0.3,1.2,101,18,9375,13790,81.6,15.7,75.9,31.1,14456,76.6,34.2,8.3,20.9,127.4,9316,2.5,28.0,67.6,64.4,373.3,2596.5,3226.7,2136.5,2712.2
"Ypäjä",40.3,2357,-0.6,13.5,58.5,27.9,0.6,1.3,-14,5,648,1152,92.1,16.7,68.8,19.0,968,71.2,42.6,9.6,32.2,145.0,625,19.8,17.4,60.2,64.6,-151.9,941.5,1793.0,1654.6,3284.3
"Ähtäri",62.1,5703,-3.4,14.0,54.9,31.1,0.1,0.9,-79,-130,1595,2805,87.7,20.3,69.4,22.3,2166,68.9,75.1,11.6,35.8,172.7,2122,10.0,24.1,64.5,98.0,437.1,3524.5,9126.6,1528.0,4419.8
"Äänekoski",75.8,18851,-1.5,15.9,57.7,26.3,0.1,1.1,-113,-182,5132,9362,66.1,26.9,68.7,20.6,6839,65.2,73.3,16.5,31.4,179.9,7053,2.4,40.9,55.5,103.1,505.5,3425.4,7978.8,1988.2,3536.3
"Uusimaa",95.5,1671024,0.9,16.6,66.0,17.4,7.9,8.5,3906,6896,437515,802417,24.3,39.5,74.1,38.9,775979,73.6,58.0,9.5,20.1,113.4,804255,0.5,15.9,82.3,103.6,722.8,2637.7,7893.0,2124.6,2888.8
"Southwest Finland",85.4,478582,0.2,15.0,62.1,22.9,5.7,4.4,-1015,900,128238,239941,37.9,32.1,73.2,31.2,203162,70.9,59.0,10.9,26.7,135.1,198593,2.9,23.8,71.9,97.8,112.8,3160.9,5335.6,1895.2,3357.1
"Satakunta",83.3,218624,-0.8,14.8,58.6,26.6,0.4,2.8,-1138,-1176,60132,109902,54.4,26.1,70.4,25.9,87665,70.1,68.7,11.5,30.8,151.4,87415,3.7,29.0,66.1,99.7,151.7,2233.5,4220.6,1801.2,3564.7
"Kanta-Häme",82.3,171364,-0.8,15.5,59.8,24.6,0.4,3.0,-658,-760,46670,85046,46.4,27.1,71.8,28.1,71211,71.5,55.6,10.4,28.5,142.5,63895,3.5,25.6,69.7,89.7,263.1,3221.2,5127.3,1758.1,3377.4
"Pirkanmaa",88.4,515095,0.6,16.0,62.7,21.3,0.4,3.0,-334,2621,136820,256522,34.7,34.3,75.7,32.7,215462,69.8,61.5,11.8,25.2,137.7,211114,2.1,23.2,73.5,98.0,248.3,2731.5,5557.2,1994.5,3258.2
"Päijät-Häme",88.2,200629,-0.3,14.7,59.4,25.9,0.4,3.5,-792,-238,53562,103829,36.2,33.6,70.3,26.8,78409,67.9,66.2,14.5,29.9,156.6,74987,2.7,27.2,68.7,95.6,367.8,4965.9,7227.6,1782.7,3365.9
"Kymenlaakso",87.2,173388,-1.2,13.6,59.0,27.4,0.7,3.7,-1229,-1157,46841,90040,46.2,28.8,71.1,25.7,65907,65.9,76.0,15.2,32.4,166.3,64171,3.0,22.5,73.2,97.4,103.5,3974.9,6639.9,1940.1,3912.1
"South Karelia",83.9,128756,-0.9,13.6,59.7,26.8,0.2,3.7,-805,-698,34623,67224,46.6,30.7,71.5,27.2,49807,66.3,74.1,14.3,31.3,160.7,48925,3.4,23.7,71.7,98.2,267.3,2537.2,6284.7,1709.3,3536.6
"South Savo",70.9,144615,-1.8,12.8,57.1,30.1,0.2,2.2,-1285,-1543,39204,75346,49.5,28.2,70.5,25.5,54817,66.8,82.7,13.0,35.0,168.5,54040,7.4,21.1,70.2,98.6,166.1,3530.4,7027.3,1739.9,4128.1
"North Savo",76.5,245602,-0.4,14.8,60.7,24.5,0.1,2.1,-918,-436,66299,124110,42.1,32.2,74.0,28.1,97710,67.5,74.4,12.1,29.8,152.4,96712,5.7,20.8,72.2,99.0,293.7,2971.9,7208.6,1896.9,3767.0
"North Karelia",72.9,162240,-0.5,14.1,60.3,25.6,0.1,2.3,-839,-187,43182,83389,49.4,31.4,73.5,26.2,60451,63.5,71.5,16.1,30.6,169.6,59885,5.6,22.9,70.2,99.1,359.9,2288.0,4906.7,1816.5,3569.9
"Central Finland",80.6,275521,-0.2,16.0,61.2,22.8,0.2,2.2,-709,-99,72914,136963,41.9,33.5,74.5,29.9,108650,66.8,73.4,14.1,27.0,154.1,106651,3.6,22.3,72.8,98.2,322.3,2839.8,7020.5,1841.5,3334.0
"South Ostrobothnia",73.1,189715,-0.6,16.7,58.6,24.7,0.3,1.7,-563,-906,52147,89071,61.3,24.1,71.1,25.4,77074,71.9,71.9,9.4,29.2,147.7,76000,7.9,25.7,65.1,98.6,237.5,3850.6,7267.6,1949.4,3619.3
"Ostrobothnia",84.0,180794,-0.1,17.3,60.0,22.7,49.5,5.3,-35,-739,49675,83067,53.5,27.0,72.2,30.8,78600,75.3,66.4,7.5,25.5,130.2,79180,5.5,30.2,63.2,100.7,257.9,3477.0,6186.7,2262.9,3418.1
"Central Ostrobothnia",78.8,68437,-0.5,18.9,58.3,22.8,9.0,2.1,50,-501,18742,30406,61.9,25.5,70.7,25.4,27937,72.7,80.5,9.0,26.4,146.2,28030,7.5,22.6,68.7,100.3,213.9,4667.6,8497.3,2018.4,3598.2
"North Ostrobothnia",83.7,412161,0.1,19.6,61.3,19.1,0.2,2.1,650,-1129,106690,189442,47.9,31.3,75.1,29.8,162441,67.7,75.9,12.7,23.6,153.5,160581,4.3,23.5,71.0,98.9,243.4,3659.2,5149.7,2138.4,3308.3
"Kainuu",74.4,73061,-1.2,14.1,58.5,27.5,0.1,1.8,-473,-563,19813,36908,50.7,27.9,72.5,24.9,27345,65.1,80.5,14.7,33.4,170.5,27184,5.9,18.5,74.5,99.4,7.7,3252.9,7948.2,2340.3,4341.1
"Lapland",77.9,178522,-0.4,15.1,60.3,24.6,0.3,2.3,-771,-355,47391,87868,53.0,30.8,73.8,26.7,70358,67.2,80.9,13.5,29.8,154.7,70196,4.2,19.7,74.3,99.8,115.2,2978.1,4889.5,2000.7,4066.0
"Åland",62.8,29789,1.0,16.6,61.2,22.2,86.8,11.4,8,70,8223,14008,63.0,28.2,68.8,28.8,14745,83.1,50.1,3.7,23.3,100.0,15916,3.4,13.1,80.3,107.9,341.0,1387.3,2758.4,2473.9,1824.0
"Helsinki sub-regional unit",97.0,1553053,1.0,16.7,66.5,16.8,5.5,8.8,4205,7437,404712,746214,21.9,40.5,74.5,39.7,725585,73.6,57.7,9.4,19.5,111.8,760192,0.4,15.2,83.3,104.8,753.7,2562.8,8042.7,2123.8,2855.6
"Raasepori sub-regional unit",76.9,41374,-1.1,14.7,58.0,27.3,58.6,3.5,-156,-359,11511,20351,57.2,24.8,66.7,28.0,17073,72.9,68.5,10.3,30.7,145.1,14739,3.6,25.1,69.5,86.3,247.9,4455.0,5259.6,2032.8,3733.4
"Porvoo sub-regional unit",79.3,59041,0.0,17.4,61.7,20.9,25.5,4.4,-5,-82,16406,27101,53.0,26.0,70.8,31.0,26206,75.4,59.9,9.4,24.1,125.4,23550,2.4,31.2,64.9,89.9,487.3,3239.0,6739.4,2195.9,2987.9
"Loviisa sub-regional unit",67.2,17556,-1.3,14.0,57.7,28.3,39.1,3.6,-138,-100,4886,8751,62.6,24.7,65.1,23.7,7115,71.5,57.1,11.1,32.6,150.0,5774,8.3,30.4,59.0,81.2,-103.0,2955.9,4736.1,2170.7,3501.8
"Åboland-Turunmaa sub-regional unit",62.6,21941,-0.6,14.7,56.3,29.0,59.2,3.1,-118,-58,6293,10490,68.9,17.9,69.8,31.2,8926,74.5,62.8,7.7,32.8,147.3,7322,5.8,26.8,64.8,82.0,162.6,2793.1,3783.9,2331.9,3791.0
"Salo sub-regional unit",72.4,61149,-1.2,14.7,58.2,27.1,1.0,3.8,-387,-482,16713,30429,54.6,23.4,67.1,25.1,23528,68.0,72.1,14.3,31.3,163.1,20946,6.5,24.9,67.0,89.0,71.6,1981.3,3235.9,1860.3,3574.8
"Turku sub-regional unit",93.7,330173,0.6,15.0,64.1,20.9,4.0,4.8,-188,1610,87325,167113,28.4,36.7,75.6,34.1,143261,70.5,55.8,11.1,24.5,129.0,143204,1.2,20.4,77.1,100.0,101.0,3567.2,6157.8,1899.1,3216.5
"Vakka-Suomi sub-regional unit",67.3,31248,-0.3,14.5,58.4,27.1,0.5,4.2,-173,-29,8625,15468,56.5,23.6,68.9,21.7,13605,76.7,67.1,6.8,31.8,130.3,14946,5.9,49.2,44.0,109.9,327.9,2722.9,4543.2,1720.6,3693.1
"Loimaa sub-regional unit",60.8,34071,-0.6,16.0,57.1,26.9,0.4,2.9,-149,-141,9282,16441,66.3,17.7,66.7,22.3,13842,73.5,58.4,9.0,31.1,147.7,12175,11.5,29.0,57.5,88.0,71.1,1979.2,2862.3,1798.1,3741.2
"Rauma sub-regional unit",83.1,67373,-0.9,15.2,58.7,26.1,0.3,3.9,-266,-546,18837,32995,56.2,23.4,69.7,26.8,28348,73.4,67.2,9.1,29.8,139.7,28438,3.2,36.0,59.6,100.3,198.5,1092.3,2558.0,1900.9,3520.4
"Pori sub-regional unit",87.0,132457,-0.7,14.7,58.8,26.5,0.4,2.2,-738,-454,36125,67712,52.0,27.6,71.2,26.3,52084,68.8,69.2,12.8,31.0,156.1,51694,2.9,25.6,70.3,99.3,134.7,2703.9,4935.7,1745.1,3561.4
"Pohjois-Satakunta sub-regional unit",58.4,18794,-1.3,14.2,57.5,28.3,0.1,2.8,-134,-176,5170,9195,66.3,24.5,66.8,19.8,7233,68.0,70.9,11.5,33.3,163.2,7283,10.9,26.4,61.2,100.7,104.4,3009.4,5140.6,1839.0,3747.2
"Hämeenlinna sub-regional unit",84.8,93454,-0.5,15.5,59.8,24.7,0.4,3.1,-337,-134,25425,46584,43.3,28.5,73.3,30.5,38721,71.6,61.7,10.9,28.5,142.4,35805,3.1,22.7,72.9,92.5,210.6,3405.0,5857.4,1737.9,3396.0
"Riihimäki sub-regional unit",83.8,45014,-1.2,16.9,61.2,21.9,0.4,2.9,-135,-418,12238,21711,48.0,26.5,71.2,26.7,19385,72.4,43.0,9.2,25.8,135.0,15221,2.7,26.4,69.6,78.5,401.0,3486.5,4819.2,1816.9,3229.9
"Forssa sub-regional unit",73.1,32896,-1.2,13.7,58.0,28.3,0.3,2.6,-186,-208,9007,16751,53.3,24.2,68.3,23.3,13105,70.0,56.2,10.9,32.4,154.0,12869,5.4,32.5,60.7,98.2,223.4,2336.3,3474.5,1735.2,3526.4
"Luoteis-Pirkanmaa sub-regional unit",59.9,15382,-1.7,14.0,54.8,31.2,0.1,1.5,-147,-129,4242,7600,65.0,21.3,67.3,20.9,5608,67.2,68.2,11.5,35.9,179.0,5388,8.6,26.2,63.3,96.1,330.2,3468.2,5445.8,1591.1,3872.6
"Etelä-Pirkanmaa sub-regional unit",83.5,42540,-0.5,16.5,57.9,25.6,0.2,2.2,-174,-58,11682,20583,51.8,23.3,71.2,25.5,16717,70.3,54.1,10.8,29.6,155.6,12960,3.5,35.7,59.3,77.5,154.4,2980.4,4550.0,1943.7,3456.2
"Tampere sub-regional unit",92.9,406622,1.0,16.3,64.4,19.3,0.4,3.3,345,3235,106967,203060,28.5,37.5,77.6,35.3,174420,69.9,61.2,12.0,22.8,130.7,175230,1.1,21.4,76.2,100.5,248.3,2736.5,5872.0,2046.8,3125.9
"Lounais-Pirkanmaa sub-regional unit",65.7,27547,-0.8,14.7,56.3,29.0,0.1,2.2,-107,-176,7562,13450,64.1,20.2,67.7,22.5,10525,70.0,66.2,8.5,33.9,163.8,9235,8.8,28.0,61.4,87.7,319.4,2052.4,3596.0,1762.2,3746.3
"Ylä-Pirkanmaa sub-regional unit",64.6,23004,-2.0,12.2,53.5,34.3,0.2,1.7,-251,-251,6367,11829,57.2,23.0,66.2,20.5,8192,67.2,72.8,12.1,39.5,186.4,8301,7.8,33.7,57.0,101.3,282.3,2504.3,4277.7,1711.9,4236.5
"Lahti sub-regional unit",88.2,200629,-0.3,14.7,59.4,25.9,0.4,3.5,-792,-238,53562,103829,36.2,33.6,70.3,26.8,78409,67.9,66.2,14.5,29.9,156.6,74987,2.7,27.2,68.7,95.6,367.8,4965.9,7227.6,1782.7,3365.9
"Kouvola sub-regional unit",84.1,89942,-1.2,13.7,58.8,27.5,0.3,2.5,-561,-601,24395,46792,49.1,27.2,71.0,25.4,34829,67.2,81.6,14.4,32.5,161.3,33478,3.8,22.9,72.0,96.1,-58.4,2693.6,4313.2,2052.4,3836.1
"Kotka-Hamina sub-regional unit",90.6,83446,-1.2,13.6,59.1,27.3,1.2,5.0,-668,-556,22446,43248,43.0,30.5,71.1,26.0,31078,64.5,69.7,16.1,32.3,171.9,30693,2.1,22.0,74.6,98.8,278.0,5356.0,9147.8,1819.0,3994.0
"Lappeenranta sub-regional unit",84.3,88548,-0.5,14.2,61.3,24.5,0.2,4.0,-383,-330,23518,45675,42.8,33.1,73.1,29.6,35370,67.1,77.6,13.5,28.5,151.5,35308,3.1,21.1,74.6,99.8,216.5,2687.8,6203.1,1743.1,3469.6
"Imatra sub-regional unit",83.1,40208,-1.7,12.1,56.2,31.7,0.2,3.2,-422,-368,11105,21549,54.7,25.6,68.1,22.0,14437,64.6,65.4,16.2,37.3,183.2,13617,4.0,30.6,64.3,94.3,379.3,2205.7,6464.3,1634.9,3684.0
"Mikkeli sub-regional unit",73.8,71256,-1.1,13.5,58.3,28.3,0.2,2.3,-528,-412,19027,36861,47.5,29.6,71.8,27.8,27748,68.0,84.9,12.0,32.9,159.6,27853,5.6,21.1,72.1,100.4,138.9,3617.0,8478.5,1877.7,3782.9
"Savonlinna sub-regional unit",68.4,44389,-2.8,11.9,55.8,32.3,0.1,2.2,-469,-877,12126,23348,49.7,27.0,69.2,24.0,16241,64.9,84.0,15.3,36.8,181.2,15908,7.9,20.8,69.8,97.9,171.5,3244.5,5553.2,1616.5,4572.2
"Pieksämäki sub-regional unit",67.7,28970,-1.7,12.4,56.4,31.2,0.2,2.0,-288,-254,8051,15137,53.8,26.6,69.5,22.1,10828,66.8,74.9,11.7,37.5,172.2,10279,11.3,21.6,65.8,94.9,224.6,3755.3,5716.4,1590.2,4296.8
"Ylä-Savo sub-regional unit",59.1,53627,-1.3,14.9,57.1,28.0,0.1,1.6,-346,-383,14609,26689,56.9,26.8,69.5,20.7,20431,67.6,72.0,12.8,33.8,165.8,20322,12.9,26.1,59.6,99.5,460.6,3044.5,5969.3,1871.4,4000.5
"Kuopio sub-regional unit",85.6,140338,0.3,15.6,63.7,20.7,0.1,2.3,-37,302,37600,70569,32.0,36.8,77.9,33.2,58963,68.7,77.4,11.3,25.2,137.2,58962,2.9,16.4,79.5,100.0,248.5,2941.6,7759.8,1991.0,3450.7
"Koillis-Savo sub-regional unit",43.8,7192,-2.1,11.2,53.6,35.2,0.1,1.4,-140,-7,1940,3731,67.1,19.9,62.4,15.0,2257,58.1,58.5,15.8,44.4,225.3,1927,15.4,19.9,62.5,85.4,261.4,3166.2,5716.1,1678.1,5262.0
"Varkaus sub-regional unit",81.2,30479,-1.5,12.8,57.6,29.6,0.2,2.0,-213,-264,8327,15975,46.5,27.4,70.9,25.2,11168,64.3,70.6,14.3,35.5,177.0,11157,2.8,34.2,61.8,99.9,213.5,2695.4,7155.0,1606.4,4072.3
"Sisä-Savo sub-regional unit",57.9,13966,-1.6,12.6,53.8,33.6,0.1,1.9,-182,-84,3823,7146,62.5,23.9,66.2,19.5,4891,65.8,65.2,12.2,40.0,190.3,4344,13.6,22.8,61.9,88.8,298.9,3501.4,7313.7,1796.2,4612.5
"Joensuu sub-regional unit",77.7,124337,-0.1,14.9,62.2,22.8,0.1,2.4,-364,124,32829,63306,45.8,34.1,75.8,28.7,48026,64.2,69.8,15.4,27.4,159.0,47753,3.7,23.3,71.9,99.4,313.6,2672.0,5561.3,1841.8,3331.7
"Keski-Karjala sub-regional unit",46.5,17021,-1.6,11.6,54.5,33.8,0.0,2.7,-183,-125,4769,8718,65.0,21.0,66.9,18.5,5610,60.7,71.7,18.1,39.9,208.3,5227,14.9,20.1,63.2,93.2,385.5,968.5,2410.8,1709.7,4255.9
"Pielisen Karjala sub-regional unit",65.9,20882,-1.9,11.2,53.8,35.0,0.1,1.7,-292,-186,5584,11365,57.9,24.2,65.7,18.5,6815,60.6,83.3,18.7,41.7,212.3,6905,11.9,22.6,64.1,101.3,614.7,1077.4,3043.1,1752.8,4429.5
"Jyväskylä sub-regional unit",88.5,185430,0.6,17.0,64.3,18.7,0.2,2.7,87,811,48348,91563,33.4,38.6,78.3,34.7,76768,67.4,73.4,13.4,22.4,140.1,75567,1.6,19.2,77.9,98.4,304.5,2655.0,7313.6,1833.5,2967.0
"Joutsa sub-regional unit",51.1,5174,-2.4,10.6,50.9,38.4,0.2,1.5,-87,-39,1385,2763,62.3,20.4,62.6,19.1,1799,67.7,65.1,14.3,42.3,194.7,1580,14.9,21.5,61.8,87.8,324.7,2562.0,5111.5,1608.8,4503.3
"Keuruu sub-regional unit",67.3,11346,-1.8,13.9,53.2,32.9,0.1,1.4,-130,-94,3123,5721,53.8,23.2,69.1,22.5,3942,65.4,72.2,14.0,38.1,193.1,3869,8.6,28.3,61.3,98.1,484.3,4920.8,9306.3,2015.3,3930.1
"Jämsä sub-regional unit",72.3,22845,-1.2,12.8,55.7,31.4,0.2,1.3,-200,-142,6259,11829,56.3,22.9,69.2,22.7,8282,66.8,79.3,15.4,36.5,179.3,8286,5.0,35.2,58.9,100.0,287.2,1899.0,3360.6,1724.1,4201.8
"Äänekoski sub-regional unit",71.4,21549,-1.6,15.7,57.2,27.1,0.1,1.1,-137,-210,5881,10685,56.2,26.3,68.3,20.4,7827,65.6,71.2,16.1,32.2,179.7,7820,4.0,37.8,56.9,99.9,440.9,3999.1,8277.5,1961.3,3643.5
"Saarijärvi-Viitasaari sub-regional unit",54.0,29177,-2.2,13.7,54.0,32.3,0.1,1.0,-242,-425,7918,14402,65.3,21.4,64.3,18.4,10032,64.0,73.0,16.6,37.7,197.3,9529,13.6,21.1,63.6,95.0,311.6,3135.0,6544.6,1869.8,4318.9
"Suupohja sub-regional unit",63.2,21783,-2.1,14.7,56.6,28.7,0.5,1.8,-164,-293,6058,10526,72.2,19.1,65.9,18.8,8453,69.7,72.5,10.3,33.9,163.1,8212,12.8,26.2,59.4,97.1,157.8,4087.5,6040.5,1827.2,4221.8
"Seinäjoki sub-regional unit",80.3,126876,0.0,17.3,60.0,22.7,0.3,1.7,-87,-100,34789,59957,55.6,26.8,73.5,28.1,53207,73.0,71.7,9.0,26.8,138.4,52852,5.9,25.7,67.1,99.3,232.7,4111.1,7957.6,1969.5,3389.0
"Kuusiokunnat sub-regional unit",56.2,20819,-2.1,15.7,55.4,28.9,0.1,1.1,-168,-275,5722,9726,68.5,20.2,67.0,20.7,7926,70.1,74.2,10.0,33.7,168.2,7781,10.1,23.2,65.3,98.2,329.0,3141.0,6661.0,1834.6,4104.3
"Järviseutu sub-regional unit",56.7,20237,-1.6,16.3,55.1,28.6,0.4,2.2,-144,-238,5578,8862,78.5,16.3,65.8,20.5,7488,68.9,71.0,10.6,33.9,174.5,7155,14.2,27.2,56.9,95.6,259.5,2692.5,4886.5,2072.8,3915.8
"Kyrönmaa sub-regional unit",78.7,12659,-0.5,19.0,57.3,23.8,1.0,0.9,-41,-45,3541,5672,71.7,16.9,71.4,27.7,5273,75.7,38.6,7.9,27.8,141.3,3161,11.4,22.1,64.3,59.9,231.3,2576.0,3981.4,1870.8,3320.6
"Vaasa sub-regional unit",89.6,101208,0.2,16.6,62.3,21.1,40.2,5.3,37,-174,27297,48799,42.4,33.0,75.6,34.8,44483,73.3,70.3,8.7,23.8,127.1,46761,2.6,27.7,68.7,105.1,281.8,3605.2,6961.6,2387.6,3350.1
"Sydösterbotten sub-regional unit",65.3,17329,-0.5,13.7,54.4,31.9,66.4,9.1,-83,-157,5037,8048,72.7,17.6,63.8,23.0,7294,78.3,79.4,5.3,35.1,138.8,7352,17.8,22.3,58.3,100.8,447.9,3270.0,5266.8,1832.4,3801.9
"Jakobstadsregionen sub-regional unit",80.3,49598,-0.4,19.5,58.0,22.5,74.8,5.0,52,-363,13800,20548,67.4,19.1,68.5,26.0,21550,78.6,60.7,5.6,25.1,131.0,21906,6.8,39.3,52.9,101.7,149.5,3517.6,5489.6,2258.9,3447.8
"Kaustinen sub-regional unit",51.5,15278,-1.7,19.1,54.8,26.1,1.1,1.5,-35,-240,4220,6478,79.9,17.6,65.2,19.5,6052,74.1,65.0,7.9,29.7,156.7,5420,21.1,22.2,54.9,89.6,203.8,5423.6,9444.6,2168.9,3942.9
"Kokkola sub-regional unit",86.6,53159,-0.2,18.9,59.3,21.9,11.3,2.3,85,-261,14522,23928,57.0,27.6,72.3,27.1,21885,72.4,84.7,9.3,25.5,143.3,22610,4.3,22.8,72.0,103.3,216.8,4450.3,8225.1,1975.2,3499.2
"Oulu sub-regional unit",94.1,250415,0.9,20.0,64.4,15.6,0.2,2.6,1031,592,64062,116914,36.2,37.1,78.8,36.0,102655,67.5,77.3,13.2,19.4,141.9,101098,1.3,20.2,77.4,98.5,290.2,3271.0,4178.8,2086.4,2988.7
"Oulunkaari sub-regional unit",60.8,23423,-1.5,18.4,54.9,26.7,0.1,1.2,-107,-299,6143,10614,72.2,20.2,67.4,18.7,7985,64.2,61.9,15.8,33.1,197.8,6741,11.0,20.1,67.3,84.4,111.4,3541.1,5844.1,2372.7,4040.6
"Raahe sub-regional unit",79.2,33206,-1.0,19.3,56.6,24.1,0.1,1.8,-36,-384,8883,15133,63.6,23.5,71.0,21.7,12094,67.0,78.2,11.9,29.3,177.3,13035,5.1,39.6,54.1,107.8,226.6,5234.4,9113.1,2177.8,3477.2
"Haapavesi-Siikalatva sub-regional unit",54.6,13712,-2.0,18.8,55.9,25.3,0.0,0.9,-95,-205,3540,6152,73.0,19.6,67.8,16.6,5079,68.1,75.9,12.3,30.8,175.6,5249,15.5,33.4,49.8,103.3,167.4,3365.2,5614.7,2240.6,4112.3
"Nivala-Haapajärvi sub-regional unit",60.6,28488,-1.2,19.7,55.3,25.0,0.1,0.8,-46,-327,7347,12531,68.4,21.2,66.8,18.5,10354,68.5,71.7,10.8,30.8,178.4,9933,14.1,26.3,58.2,95.9,53.3,5441.8,8266.0,2130.7,4149.2
"Ylivieska sub-regional unit",74.4,43686,-0.7,20.6,57.3,22.2,0.3,1.3,9,-371,11400,19030,66.1,21.7,70.9,22.6,17037,71.4,68.7,10.2,26.6,158.3,17282,8.7,29.8,60.1,101.4,220.0,4408.5,5769.8,2259.6,3497.8
"Koillismaa sub-regional unit",60.8,19231,-1.1,15.1,58.0,27.0,0.2,1.4,-106,-135,5315,9068,59.4,23.8,71.3,20.6,7237,66.1,89.6,12.5,33.2,168.7,7243,6.8,17.6,74.3,100.1,213.1,2004.9,3747.0,2126.2,4036.9
"Kehys-Kainuu sub-regional unit",61.4,21075,-2.2,10.5,53.9,35.6,0.1,1.3,-282,-199,5868,10956,63.5,22.5,66.9,17.5,6878,60.0,80.8,19.1,42.9,213.2,6372,13.3,18.3,66.8,92.6,-23.5,2855.3,5255.5,1803.4,5163.3
"Kajaani sub-regional unit",79.6,51986,-0.8,15.5,60.3,24.2,0.1,2.0,-191,-364,13945,25952,45.3,30.2,75.0,28.1,20467,67.1,80.4,13.1,29.5,156.1,20812,3.6,18.5,76.9,101.7,20.4,3414.2,9039.9,2557.9,4007.8
"Rovaniemi sub-regional unit",87.8,66818,0.6,16.6,64.0,19.4,0.2,2.4,-20,299,17227,33302,39.4,37.6,77.9,32.5,27866,68.2,89.8,12.7,23.9,138.3,27413,2.6,13.1,83.0,98.4,-73.4,3049.6,4285.8,2023.6,3570.9
"Kemi-Tornio sub-regional unit",88.0,57150,-0.9,16.1,58.8,25.0,0.3,2.7,-211,-483,15436,28088,53.1,28.7,72.6,25.1,21247,64.9,68.3,14.7,30.5,171.4,21736,2.4,31.1,64.3,102.3,51.3,3137.7,4996.8,1866.5,3864.5
"Torniolaakso sub-regional unit",50.1,7460,-2.2,9.8,52.6,37.6,0.6,1.8,-96,-91,2113,3755,79.8,17.8,66.2,19.2,2533,64.1,77.8,15.5,43.3,201.1,2398,12.4,16.7,66.1,94.7,170.9,598.9,1814.3,1692.6,5413.8
"Itä-Lappi sub-regional unit",55.3,16067,-2.0,9.6,53.0,37.4,0.1,1.1,-248,-96,4426,8339,65.4,23.1,67.7,19.6,5341,62.0,77.7,18.0,44.0,206.9,5006,13.0,13.7,72.2,93.7,388.2,3819.2,6722.3,1900.9,5527.0
"Tunturi-Lappi sub-regional unit",50.3,14421,-0.5,14.8,61.0,24.2,0.5,2.5,-98,9,3710,6472,75.0,24.8,73.4,22.4,6356,73.4,82.1,10.9,28.3,128.1,6583,4.4,18.0,75.5,103.6,573.7,2403.1,5004.9,2486.4,4372.0
"Pohjois-Lappi sub-regional unit",60.3,16606,-0.3,13.1,60.5,26.4,0.2,2.0,-98,7,4479,7912,65.7,29.2,72.0,24.0,7015,70.9,85.6,11.1,31.8,137.4,7060,6.7,16.5,74.9,100.6,406.1,2895.5,6457.2,2183.7,4466.8
"Mariehamns stad sub-regional unit",99.6,11743,0.6,14.4,62.3,23.3,83.5,13.7,-55,60,3033,6123,36.3,46.0,71.2,34.5,5787,80.6,77.1,4.4,24.6,101.8,9899,0.1,8.7,89.2,171.1,413.7,1777.4,5806.7,2167.0,1959.6
"Ålands landsbygd sub-regional unit",43.6,15973,1.4,19.0,60.9,20.0,89.7,9.7,81,3,4644,6861,83.7,13.8,67.8,24.8,8018,85.0,29.6,3.3,21.0,96.5,5302,7.8,21.5,65.5,66.1,246.3,981.2,875.4,2692.3,1624.6
"Ålands skärgård sub-regional unit",0.0,2073,0.8,10.8,56.0,33.3,83.0,12.0,-18,7,546,1024,83.9,17.9,62.5,25.1,940,82.7,58.8,3.0,33.7,118.7,715,16.4,11.0,66.2,76.1,658.5,2305.8,0.0,2530.1,2592.4
